{
    "first-order": [
        [
            0.6176928201582028,
            0.5323165966729071,
            0.6276532975774851,
            0.5980047562024591,
            0.6090341142275668,
            0.604648822474462,
            0.5989558561445526,
            0.5683602907692566
        ],
        [
            0.5772357723577236,
            0.5471014492753623,
            0.5790297339593115,
            0.5900514579759862,
            0.611232676878191,
            0.564993564993565,
            0.5738980121002593,
            0.5440860215053763
        ],
        [
            0.5824011931394482,
            0.5584319526627219,
            0.5705474171164225,
            0.50849963045085,
            0.62397617274758,
            0.6537602382725242,
            0.5088122605363985,
            0.7529761904761905
        ],
        [
            0.5798069784706755,
            0.5527086383601757,
            0.5747572815533981,
            0.5462485113140135,
            0.6175386882829771,
            0.6061442871936487,
            0.5393988627132412,
            0.6317103620474406
        ]
    ],

    "linguistic": [
        [
            0.641,
            0.570,
            0.612,
            0.644,
            0.730,
            0.724,
            0.631,
            0.623
        ],
        [
            0.647,
            0.605,
            0.604,
            0.542,
            0.713,
            0.716,
            0.734,
            0.681
        ],
        [
            0.451,
            1.000,
            0.862,
            0.524,
            0.754,
            0.692,
            0.755,
            0.800
        ],
        [
            0.530,
            0.740,
            0.694,
            0.536,
            0.733,
            0.706,
            0.745,
            0.735
        ]
    ]
}