{"total_time": 49.26, "changed_fixations": 14, "total_fixations": 18, "fixations_data": {"0": [17.1, 383.5, 259], "2": [112.53896103896105, 384.7467532467532, 174], "4": [192.3311688311688, 385.99350649350646, 145], "6": [276.9, 381.1, 324], "8": [258.409090909091, 384.7467532467532, 167], "10": [341.3, 381.0, 292], "14": [286.7, 380.1, 234], "16": [400.53896103896113, 383.49999999999994, 119], "18": [512.7467532467533, 383.49999999999994, 276], "20": [457.8896103896104, 388.487012987013, 116], "22": [591.2922077922079, 384.7467532467532, 313], "27": [735.9155844155845, 387.2402597402597, 183], "29": [858.0974025974027, 381.0064935064935, 183], "31": [922.9285714285717, 385.99350649350646, 163], "33": [808.2272727272729, 382.25324675324674, 187], "35": [921.6818181818184, 382.25324675324674, 144], "38": [-2, -2, 538], "40": [789.525974025974, 383.49999999999994, 161]}}