{"total_time": 53.6, "changed_fixations": 14, "total_fixations": 15, "fixations_data": {"0": [30.253246753246714, 383.49999999999994, 233], "2": [95.08441558441555, 382.25324675324674, 151], "4": [171.13636363636365, 387.2402597402597, 114], "6": [259.6558441558442, 385.99350649350646, 206], "8": [340.6948051948052, 381.0064935064935, 153], "11": [-2, -2, 128], "13": [-2, -2, 166], "15": [-2, -2, 277], "17": [619.0, 380.3, 283], "19": [712.2272727272729, 385.99350649350646, 250], "21": [348.17532467532476, 385.99350649350646, 257], "23": [455.3961038961039, 384.7467532467532, 298], "25": [639.9155844155845, 383.49999999999994, 175], "28": [-2, -2, 241], "30": [-2, -2, 306]}}