{"total_time": 25.01, "changed_fixations": 10, "total_fixations": 11, "fixations_data": {"0": [20.279220779220765, 382.25324675324674, 244], "2": [127.49999999999997, 384.7467532467532, 277], "4": [227.24025974025975, 382.25324675324674, 287], "6": [207.1, 386.2, 232], "8": [270.87662337662346, 382.25324675324674, 123], "10": [368.12337662337666, 383.49999999999994, 196], "12": [425.47402597402606, 388.487012987013, 203], "14": [536.435064935065, 387.2402597402597, 216], "19": [-2, -2, 178], "21": [523.9675324675326, 381.0064935064935, 656], "24": [-2, -2, 154]}}