{"total_time": 25.27, "changed_fixations": 12, "total_fixations": 12, "fixations_data": {"0": [33.99350649350649, 385.99350649350646, 225], "2": [73.88961038961034, 387.2402597402597, 164], "4": [156.17532467532467, 379.7597402597402, 233], "6": [242.20129870129873, 385.99350649350646, 434], "8": [204.79870129870127, 385.99350649350646, 174], "10": [268.38311688311694, 384.7467532467532, 175], "12": [351.9155844155845, 385.99350649350646, 267], "14": [451.6558441558442, 389.7337662337662, 216], "16": [562.6168831168832, 387.2402597402597, 289], "18": [642.409090909091, 384.7467532467532, 359], "20": [102.56493506493504, 385.99350649350646, 191], "22": [57.68181818181816, 389.7337662337662, 285]}}