{"total_time": 30.14, "changed_fixations": 12, "total_fixations": 13, "fixations_data": {"0": [21.525974025974023, 383.49999999999994, 235], "2": [107.55194805194802, 387.2402597402597, 129], "4": [158.66883116883113, 384.7467532467532, 174], "6": [227.24025974025975, 383.49999999999994, 185], "8": [307.03246753246754, 382.25324675324674, 338], "10": [268.38311688311694, 388.487012987013, 239], "12": [356.9025974025975, 385.99350649350646, 406], "14": [414.2532467532468, 385.99350649350646, 151], "17": [-2, -2, 105], "19": [221.0064935064935, 388.487012987013, 387], "21": [176.1, 383.8, 258], "23": [75.1363636363636, 384.7467532467532, 214], "25": [184.85064935064932, 383.49999999999994, 106]}}