{"total_time": 44.82, "changed_fixations": 12, "total_fixations": 12, "fixations_data": {"0": [-2, -2, 104], "2": [88.85064935064932, 385.99350649350646, 119], "4": [16.53896103896099, 382.25324675324674, 125], "8": [137.47402597402598, 387.2402597402597, 167], "10": [207.2922077922078, 384.7467532467532, 186], "12": [297.0584415584416, 379.7597402597402, 219], "14": [384.33116883116884, 381.0064935064935, 233], "16": [335.7077922077923, 384.7467532467532, 130], "18": [486.5649350649352, 382.25324675324674, 246], "20": [431.7077922077923, 384.7467532467532, 125], "22": [-2, -2, 115], "24": [576.331168831169, 383.49999999999994, 323]}}