{"total_time": 42.58, "changed_fixations": 12, "total_fixations": 15, "fixations_data": {"0": [32.74675324675323, 383.49999999999994, 239], "2": [138.72077922077924, 388.487012987013, 153], "4": [255.91558441558445, 384.7467532467532, 151], "6": [414.2532467532468, 384.7467532467532, 200], "8": [373.1103896103897, 384.7467532467532, 132], "10": [299.8, 388.2, 196], "12": [391.8116883116884, 383.49999999999994, 230], "14": [457.8896103896104, 383.49999999999994, 174], "16": [609.9935064935066, 383.49999999999994, 270], "18": [544.1, 388.8, 188], "20": [661.4, 383.7, 283], "22": [303.2922077922078, 383.49999999999994, 100], "25": [-2, -2, 142], "27": [-2, -2, 393], "29": [-2, -2, 489]}}