{"total_time": 29.43, "changed_fixations": 14, "total_fixations": 14, "fixations_data": {"0": [77.62987012987011, 385.99350649350646, 266], "2": [97.57792207792207, 384.7467532467532, 110], "4": [189.83766233766235, 382.25324675324674, 119], "6": [279.6038961038961, 384.7467532467532, 222], "8": [235.9675324675325, 384.7467532467532, 225], "10": [310.77272727272737, 384.7467532467532, 171], "12": [405.52597402597405, 385.99350649350646, 164], "14": [474.0974025974027, 384.7467532467532, 304], "16": [616.2272727272729, 383.49999999999994, 343], "18": [560.1233766233767, 382.25324675324674, 333], "20": [489.0584415584416, 383.49999999999994, 206], "22": [581.3181818181819, 383.49999999999994, 105], "25": [626.2012987012988, 387.2402597402597, 132], "28": [590.0454545454546, 383.49999999999994, 264]}}