{"total_time": 37.31, "changed_fixations": 8, "total_fixations": 12, "fixations_data": {"2": [49.30980310012565, 383.11122748219515, 232], "4": [134.6, 388.3, 189], "6": [206.4, 387.9, 188], "8": [310.6051529116046, 383.6005446166736, 347], "10": [418.25492249685806, 381.15395894428144, 154], "12": [321.7, 379.0, 131], "15": [-2, -2, 173], "17": [-2, -2, 190], "21": [417.2762882279012, 385.06849602010885, 187], "23": [366.5, 382.8, 239], "25": [115.36761625471303, 385.5578131545873, 296], "27": [68.39317134478424, 385.06849602010885, 253]}}