{"total_time": 39.23, "changed_fixations": 20, "total_fixations": 21, "fixations_data": {"0": [31.49999999999997, 384.7467532467532, 160], "4": [58.928571428571416, 384.7467532467532, 120], "6": [152.4350649350649, 385.99350649350646, 173], "8": [240.95454545454547, 384.7467532467532, 188], "10": [351.9155844155845, 387.2402597402597, 207], "12": [436.6948051948052, 385.99350649350646, 239], "14": [375.6038961038962, 387.2402597402597, 107], "16": [471.1, 384.9, 154], "18": [566.3571428571429, 387.2402597402597, 214], "20": [656.1233766233768, 384.7467532467532, 438], "22": [595.0324675324676, 384.7467532467532, 182], "25": [-2, -2, 242], "27": [511.5000000000001, 384.7467532467532, 255], "29": [602.5129870129871, 381.0064935064935, 119], "31": [661.1103896103897, 381.0064935064935, 293], "33": [768.331168831169, 385.99350649350646, 211], "38": [596.2792207792209, 381.0064935064935, 141], "40": [595.0324675324676, 384.7467532467532, 217], "42": [656.1233766233768, 388.487012987013, 572], "44": [592.5389610389611, 384.7467532467532, 327], "46": [641.1623376623378, 387.2402597402597, 136]}}