{"total_time": 38.19, "changed_fixations": 13, "total_fixations": 14, "fixations_data": {"0": [73.88961038961034, 385.99350649350646, 286], "2": [67.2, 381.3, 172], "4": [197.31818181818184, 385.99350649350646, 100], "6": [280.8506493506494, 383.49999999999994, 416], "8": [389.31818181818187, 382.25324675324674, 225], "10": [339.448051948052, 382.25324675324674, 187], "12": [470.3571428571429, 383.49999999999994, 179], "14": [541.422077922078, 383.49999999999994, 322], "16": [691.0324675324676, 383.49999999999994, 225], "18": [609.9935064935066, 381.0064935064935, 111], "23": [668.5909090909092, 382.25324675324674, 338], "25": [708.4870129870131, 383.49999999999994, 319], "27": [613.7337662337663, 384.7467532467532, 378], "29": [560.1233766233767, 383.49999999999994, 485]}}