{"total_time": 20.49, "changed_fixations": 7, "total_fixations": 12, "fixations_data": {"0": [12.0, 387.5, 272], "2": [96.33116883116881, 388.487012987013, 145], "4": [178.6168831168831, 384.7467532467532, 234], "6": [179.86363636363635, 384.7467532467532, 244], "8": [298.2, 385.5, 331], "12": [413.0064935064936, 384.7467532467532, 452], "14": [500.27922077922085, 383.49999999999994, 184], "16": [461.9, 387.1, 107], "18": [390.0, 384.9, 214], "20": [477.83766233766244, 385.99350649350646, 294], "22": [575.3, 383.7, 198], "28": [531.448051948052, 382.25324675324674, 501]}}