{"total_time": 92.97, "changed_fixations": 16, "total_fixations": 18, "fixations_data": {"0": [-2, -2, 212], "2": [71.39610389610388, 384.7467532467532, 186], "4": [43.967532467532436, 388.487012987013, 130], "6": [143.7077922077922, 384.7467532467532, 151], "8": [214.77272727272728, 382.25324675324674, 183], "10": [275.8636363636364, 384.7467532467532, 171], "12": [207.2922077922078, 387.2402597402597, 335], "14": [283.3441558441559, 381.0064935064935, 180], "16": [388.07142857142867, 384.7467532467532, 167], "20": [520.3, 386.7, 113], "23": [-2, -2, 294], "25": [718.7, 379.6, 264], "27": [669.8376623376624, 384.7467532467532, 226], "31": [841.8896103896105, 384.7467532467532, 280], "33": [780.7987012987013, 382.25324675324674, 205], "35": [874.3051948051949, 382.25324675324674, 624], "37": [692.2792207792209, 387.2402597402597, 373], "39": [587.5519480519481, 383.49999999999994, 1121]}}