{"total_time": 120.79, "changed_fixations": 19, "total_fixations": 24, "fixations_data": {"0": [16.5, 381.4, 285], "2": [103.41749999999996, 383.73352272727277, 168], "4": [192.4, 381.1, 174], "6": [276.40664076246327, 385.6254846041056, 196], "8": [246.0, 385.1, 143], "10": [196.2, 385.4, 102], "12": [341.1294028592375, 385.6254846041056, 186], "14": [355.92317705278583, 384.70087371700885, 146], "16": [447.4596548753665, 386.5500954912024, 190], "18": [525.1269693914955, 385.6254846041056, 163], "20": [441.9119895527858, 383.77626282991207, 198], "22": [553.7899068914955, 383.77626282991207, 167], "24": [663.8186024560116, 386.5500954912024, 291], "26": [600.945062133431, 382.8516519428153, 204], "28": [768.2996326979471, 386.5500954912024, 212], "31": [768.0, 776.8, 115], "33": [-2, -2, 276], "35": [-2, -2, 266], "37": [-2, -2, 267], "39": [-2, -2, 527], "41": [-2, -2, 352], "43": [-2, -2, 171], "48": [-2, -2, 295], "50": [-2, -2, 152]}}