{"total_time": 69.51, "changed_fixations": 10, "total_fixations": 13, "fixations_data": {"0": [31.49999999999997, 384.7467532467532, 253], "2": [91.91703672671419, 384.2860354699064, 165], "4": [162.62537355118008, 384.906284038542, 145], "6": [250.08042172880891, 385.52653260717767, 191], "8": [352.42143555369375, 385.52653260717767, 215], "10": [424.2, 379.9, 280], "12": [506.24308057533875, 386.1467811758134, 186], "14": [420.2, 385.1, 283], "16": [295.3585672392125, 384.906284038542, 380], "19": [-2, -2, 297], "21": [223.1, 381.3, 376], "23": [294.11807010194116, 383.6657869012707, 245], "25": [379.712372573663, 387.3872783130847, 143]}}