{"total_time": 30.21, "changed_fixations": 7, "total_fixations": 12, "fixations_data": {"0": [13.0, 389.5, 264], "2": [40.4, 387.1, 154], "4": [104.7, 383.3, 149], "6": [149.8, 383.7, 122], "8": [216.01948051948054, 382.25324675324674, 226], "12": [285.8376623376623, 385.99350649350646, 213], "14": [362.1, 386.3, 226], "16": [406.77272727272737, 382.25324675324674, 176], "18": [491.5519480519481, 384.7467532467532, 171], "20": [557.6298701298703, 384.7467532467532, 164], "22": [658.6168831168832, 383.49999999999994, 292], "24": [683.5519480519481, 382.25324675324674, 479]}}