{"total_time": 19.48, "changed_fixations": 7, "total_fixations": 8, "fixations_data": {"0": [17.78571428571425, 383.49999999999994, 250], "2": [55.18831168831164, 387.2402597402597, 259], "4": [121.26623376623374, 381.0064935064935, 229], "6": [191.08441558441555, 383.49999999999994, 241], "8": [264.2, 388.7, 236], "10": [317.0064935064936, 381.0064935064935, 423], "12": [391.8116883116884, 384.7467532467532, 516], "15": [-2, -2, 105]}}