{"total_time": 39.21, "changed_fixations": 8, "total_fixations": 9, "fixations_data": {"0": [15.2, 385.3, 265], "2": [61.422077922077875, 384.7467532467532, 131], "4": [133.7337662337662, 384.7467532467532, 208], "6": [206.04545454545453, 384.7467532467532, 226], "8": [265.8896103896104, 383.49999999999994, 210], "10": [326.98051948051955, 384.7467532467532, 174], "12": [399.2922077922078, 383.49999999999994, 209], "14": [449.1623376623377, 384.7467532467532, 222], "29": [540.1753246753248, 383.49999999999994, 124]}}