{"total_time": 32.19, "changed_fixations": 10, "total_fixations": 10, "fixations_data": {"0": [-2, -2, 206], "2": [30.253246753246714, 382.25324675324674, 269], "4": [81.37012987012983, 381.0064935064935, 357], "6": [161.16233766233765, 385.99350649350646, 314], "8": [206.04545454545453, 384.7467532467532, 226], "10": [253.42207792207793, 382.25324675324674, 137], "12": [303.2922077922078, 382.25324675324674, 195], "14": [398.0454545454546, 379.7597402597402, 223], "16": [484.07142857142867, 383.49999999999994, 438], "18": [531.448051948052, 387.2402597402597, 235]}}