{"total_time": 23.38, "changed_fixations": 7, "total_fixations": 10, "fixations_data": {"3": [46.46103896103895, 381.0064935064935, 142], "5": [120.01948051948048, 384.7467532467532, 169], "7": [200.6, 383.7, 137], "9": [267.1363636363636, 384.7467532467532, 155], "11": [371.8636363636364, 384.7467532467532, 148], "13": [430.5, 388.2, 195], "15": [503.0, 381.8, 208], "17": [595.0324675324676, 384.7467532467532, 209], "19": [664.8506493506494, 385.99350649350646, 193], "21": [758.357142857143, 387.2402597402597, 688]}}