{"total_time": 34.53, "changed_fixations": 8, "total_fixations": 9, "fixations_data": {"0": [16.547898338220918, 385.0188940092165, 270], "2": [56.1, 387.2, 181], "4": [101.78739002932552, 385.70080994274537, 223], "6": [135.20127077223856, 383.65506214215884, 187], "8": [203.39286412512223, 384.3369780756877, 163], "10": [259.3099706744868, 382.29123027510116, 187], "12": [339.7760508308896, 381.6093143415723, 169], "14": [435.92619745845553, 386.3827258762742, 211], "16": [549.1242424242425, 385.70080994274537, 225]}}