{"total_time": 28.87, "changed_fixations": 13, "total_fixations": 15, "fixations_data": {"0": [12.7, 388.9, 257], "2": [48.95454545454541, 383.49999999999994, 147], "4": [98.82467532467533, 385.99350649350646, 184], "6": [169.8896103896104, 387.2402597402597, 185], "8": [234.72077922077924, 384.7467532467532, 246], "11": [223.49999999999997, 385.99350649350646, 135], "13": [174.87662337662337, 381.0064935064935, 219], "15": [214.77272727272728, 385.99350649350646, 174], "17": [280.4, 385.2, 222], "19": [336.9545454545455, 383.49999999999994, 195], "21": [379.3441558441559, 384.7467532467532, 140], "23": [446.6688311688313, 388.487012987013, 197], "25": [515.2402597402598, 383.49999999999994, 199], "27": [587.5519480519481, 382.25324675324674, 208], "29": [663.6038961038962, 379.7597402597402, 656]}}