{"total_time": 47.4, "changed_fixations": 12, "total_fixations": 13, "fixations_data": {"0": [17.78571428571425, 383.49999999999994, 648], "2": [19.032467532467507, 382.25324675324674, 332], "4": [90.4, 388.0, 249], "6": [102.56493506493504, 384.7467532467532, 167], "8": [162.4090909090909, 382.25324675324674, 143], "10": [242.20129870129873, 383.49999999999994, 275], "12": [225.9935064935065, 384.7467532467532, 127], "14": [279.6038961038961, 382.25324675324674, 214], "16": [329.47402597402606, 385.99350649350646, 262], "18": [386.82467532467535, 382.25324675324674, 192], "20": [437.9415584415585, 383.49999999999994, 327], "22": [479.08441558441564, 384.7467532467532, 292], "24": [541.422077922078, 385.99350649350646, 570]}}