{"total_time": 33.78, "changed_fixations": 12, "total_fixations": 13, "fixations_data": {"0": [13.8, 377.1, 425], "2": [61.422077922077875, 382.25324675324674, 192], "4": [131.24025974025975, 383.49999999999994, 191], "6": [176.12337662337663, 382.25324675324674, 163], "8": [232.22727272727272, 384.7467532467532, 275], "12": [346.92857142857144, 378.51298701298697, 164], "14": [294.56493506493507, 382.25324675324674, 169], "16": [391.8116883116884, 384.7467532467532, 226], "18": [348.17532467532476, 381.0064935064935, 325], "20": [447.9155844155845, 384.7467532467532, 147], "22": [532.6948051948053, 378.51298701298697, 189], "24": [504.01948051948057, 387.2402597402597, 186], "26": [582.5649350649352, 381.0064935064935, 533]}}