{"total_time": 29.08, "changed_fixations": 14, "total_fixations": 14, "fixations_data": {"0": [16.53896103896099, 381.0064935064935, 267], "2": [37.733766233766204, 383.49999999999994, 153], "4": [91.34415584415584, 384.7467532467532, 150], "6": [177.3701298701299, 384.7467532467532, 168], "8": [247.1883116883117, 382.25324675324674, 201], "13": [330.72077922077926, 385.99350649350646, 202], "15": [396.7987012987013, 387.2402597402597, 198], "17": [461.62987012987014, 383.49999999999994, 190], "19": [545.1623376623378, 387.2402597402597, 409], "21": [609.9935064935066, 383.49999999999994, 218], "23": [587.5519480519481, 384.7467532467532, 188], "25": [656.1233766233768, 387.2402597402597, 388], "27": [676.0714285714287, 384.7467532467532, 166], "30": [-2, -2, 109]}}