{"total_time": 20.63, "changed_fixations": 8, "total_fixations": 9, "fixations_data": {"0": [21.525974025974023, 383.49999999999994, 255], "2": [35.9, 377.7, 143], "4": [172.38311688311686, 383.49999999999994, 195], "6": [252.17532467532467, 384.7467532467532, 169], "8": [302.0454545454546, 383.49999999999994, 170], "10": [393.0584415584416, 384.7467532467532, 232], "12": [302.0454545454546, 382.25324675324674, 211], "14": [272.12337662337666, 383.49999999999994, 206], "16": [355.6558441558442, 383.49999999999994, 156]}}