{"total_time": 35.66, "changed_fixations": 13, "total_fixations": 14, "fixations_data": {"0": [15.292207792207734, 379.7597402597402, 263], "2": [36.487012987012946, 385.99350649350646, 156], "4": [97.57792207792207, 382.25324675324674, 180], "6": [149.94155844155844, 381.0064935064935, 150], "8": [234.72077922077924, 384.7467532467532, 201], "10": [272.12337662337666, 384.7467532467532, 416], "12": [346.92857142857144, 382.25324675324674, 365], "14": [328.1, 387.3, 153], "16": [383.08441558441564, 387.2402597402597, 147], "23": [586.3051948051949, 385.99350649350646, 129], "25": [653.6298701298703, 384.7467532467532, 160], "27": [724.6948051948053, 382.25324675324674, 176], "29": [774.5649350649352, 383.49999999999994, 1107], "32": [-2, -2, 175]}}