{"total_time": 37.22, "changed_fixations": 11, "total_fixations": 16, "fixations_data": {"0": [16.6, 386.7, 277], "2": [64.6, 383.1, 106], "4": [113.78571428571425, 379.7597402597402, 162], "6": [154.92857142857142, 381.0064935064935, 224], "10": [227.24025974025975, 384.7467532467532, 217], "12": [302.0454545454546, 385.99350649350646, 199], "14": [370.6168831168832, 381.0064935064935, 162], "16": [446.4, 386.4, 284], "18": [548.0, 381.2, 194], "20": [609.9935064935066, 385.99350649350646, 143], "22": [682.3051948051949, 382.25324675324674, 213], "24": [775.8116883116885, 384.7467532467532, 164], "26": [865.5779220779222, 382.25324675324674, 212], "28": [811.9675324675326, 381.0064935064935, 204], "30": [912.9545454545456, 382.25324675324674, 202], "32": [945.3, 389.0, 858]}}