{"total_time": 126.1, "changed_fixations": 39, "total_fixations": 41, "fixations_data": {"0": [8.4, 377.1, 247], "2": [57.1, 385.8, 131], "4": [150.04389051808405, 386.98286552157515, 196], "6": [183.38582600195505, 386.98286552157515, 158], "8": [283.4116324535679, 386.98286552157515, 219], "10": [249.05933528836758, 389.003588884234, 167], "12": [211.67595307917887, 383.95178047758685, 182], "14": [246.02825024437928, 386.98286552157515, 137], "16": [287.4530791788857, 386.98286552157515, 358], "18": [382.42707722385137, 385.97250384024574, 263], "20": [477.4010752688172, 384.9621421589163, 261], "22": [423.8519061583578, 383.95178047758685, 218], "24": [480.43216031280554, 385.97250384024574, 133], "29": [738.0743890518085, 384.9621421589163, 331], "33": [652.1936461388075, 380.9206954335986, 116], "35": [692.6081133919844, 381.931057114928, 185], "37": [665.32834799609, 381.931057114928, 138], "39": [744.1365591397849, 381.931057114928, 213], "41": [818.9033235581624, 381.931057114928, 148], "43": [691.597751710655, 384.9621421589163, 179], "45": [713.8257086999023, 381.931057114928, 173], "47": [744.1365591397849, 379.9103337522692, 181], "49": [835.0691104594331, 384.9621421589163, 244], "51": [884.5768328445748, 379.9103337522692, 184], "53": [836.0794721407625, 380.9206954335986, 195], "55": [891.6493646138807, 380.9206954335986, 221], "57": [900.7426197458457, 382.94141879625744, 1098], "59": [97.50508308895405, 384.9621421589163, 112], "61": [34.8626588465298, 381.931057114928, 208], "63": [148.02316715542523, 385.97250384024574, 197], "65": [250.069696969697, 386.98286552157515, 173], "67": [211.67595307917887, 386.98286552157515, 192], "69": [250.069696969697, 389.003588884234, 121], "71": [359.18875855327474, 382.94141879625744, 244], "73": [494.57722385141744, 382.94141879625744, 280], "75": [610.7688172043011, 381.931057114928, 201], "77": [720.8982404692083, 380.9206954335986, 381], "82": [-2, -2, 162], "85": [378.3856304985337, 383.95178047758685, 129], "87": [319.78465298142714, 381.931057114928, 218], "89": [481.44252199413495, 383.95178047758685, 155]}}