{"total_time": 24.45, "changed_fixations": 11, "total_fixations": 15, "fixations_data": {"0": [14.6, 387.8, 257], "2": [50.7, 386.1, 149], "4": [110.04545454545453, 382.25324675324674, 163], "6": [174.87662337662337, 385.99350649350646, 163], "8": [223.49999999999997, 384.7467532467532, 264], "10": [307.03246753246754, 385.99350649350646, 150], "12": [382.1, 384.4, 186], "14": [455.3, 381.8, 199], "16": [540.1753246753248, 383.49999999999994, 158], "18": [515.2402597402598, 387.2402597402597, 106], "20": [611.2402597402598, 383.49999999999994, 260], "22": [595.0324675324676, 382.25324675324674, 512], "24": [619.9675324675326, 379.7597402597402, 393], "26": [702.2532467532468, 382.25324675324674, 340], "28": [674.8246753246755, 382.25324675324674, 246]}}