{"total_time": 27.38, "changed_fixations": 10, "total_fixations": 13, "fixations_data": {"0": [21.525974025974023, 384.7467532467532, 241], "2": [25.8, 381.9, 180], "4": [49.1, 377.9, 121], "6": [105.9, 380.4, 220], "8": [161.16233766233765, 382.25324675324674, 158], "10": [233.47402597402598, 385.99350649350646, 169], "12": [319.5, 382.25324675324674, 217], "14": [391.8116883116884, 381.0064935064935, 292], "16": [452.9025974025975, 381.0064935064935, 180], "18": [562.6168831168832, 383.49999999999994, 231], "20": [552.6428571428572, 383.49999999999994, 116], "22": [641.1623376623378, 388.487012987013, 253], "24": [676.0714285714287, 382.25324675324674, 378]}}