{"total_time": 62.14, "changed_fixations": 16, "total_fixations": 20, "fixations_data": {"0": [27.759740259740255, 384.7467532467532, 239], "2": [38.2, 380.5, 110], "4": [97.57792207792207, 382.25324675324674, 171], "6": [166.14935064935062, 383.49999999999994, 198], "8": [217.26623376623374, 379.7597402597402, 175], "10": [284.5909090909091, 382.25324675324674, 212], "12": [390.56493506493507, 378.51298701298697, 170], "14": [457.8896103896104, 378.51298701298697, 215], "16": [535.1883116883117, 384.7467532467532, 151], "18": [590.0454545454546, 379.7597402597402, 264], "20": [691.0324675324676, 383.49999999999994, 193], "22": [717.2142857142858, 381.0064935064935, 122], "25": [632.435064935065, 383.49999999999994, 532], "27": [723.448051948052, 382.25324675324674, 418], "29": [632.435064935065, 383.49999999999994, 182], "31": [55.6, 386.0, 220], "33": [171.13636363636365, 382.25324675324674, 156], "35": [234.9, 380.2, 106], "37": [338.1, 379.8, 138], "39": [672.331168831169, 387.2402597402597, 1637]}}