{"total_time": 28.92, "changed_fixations": 10, "total_fixations": 11, "fixations_data": {"7": [61.422077922077875, 383.49999999999994, 149], "9": [138.72077922077924, 383.49999999999994, 133], "11": [182.35714285714286, 383.49999999999994, 237], "13": [270.87662337662346, 384.7467532467532, 203], "15": [384.33116883116884, 383.49999999999994, 257], "17": [457.8896103896104, 379.7597402597402, 261], "19": [533.9, 380.8, 408], "22": [567.6038961038962, 382.25324675324674, 180], "24": [592.5389610389611, 384.7467532467532, 529], "26": [93.8376623376623, 383.49999999999994, 264], "28": [24.01948051948048, 384.7467532467532, 298]}}