{"total_time": 35.72, "changed_fixations": 9, "total_fixations": 16, "fixations_data": {"4": [17.78571428571425, 384.7467532467532, 147], "6": [93.9, 380.4, 175], "8": [178.6168831168831, 381.0064935064935, 231], "10": [210.8, 382.7, 241], "12": [279.0, 383.4, 145], "14": [157.4, 388.9, 217], "18": [363.13636363636374, 385.99350649350646, 316], "20": [470.3571428571429, 382.25324675324674, 240], "22": [546.409090909091, 387.2402597402597, 172], "24": [588.7987012987014, 387.2402597402597, 313], "27": [658.6168831168832, 378.51298701298697, 552], "29": [130.1, 386.4, 213], "31": [93.8, 382.9, 330], "33": [161.1, 379.9, 151], "35": [618.7207792207793, 383.49999999999994, 402], "37": [667.3441558441559, 381.0064935064935, 1619]}}