{"total_time": 54.78, "changed_fixations": 18, "total_fixations": 25, "fixations_data": {"0": [40.33659090909083, 381.0064935064935, 234], "2": [42.5, 383.7, 138], "4": [117.63529220779213, 383.49999999999994, 203], "6": [161.27165584415576, 385.99350649350646, 206], "8": [268.49243506493497, 382.25324675324674, 229], "10": [353.2716558441558, 381.0064935064935, 102], "17": [461.7391883116883, 384.7467532467532, 183], "19": [510.36256493506494, 379.7597402597402, 298], "21": [464.2326948051948, 382.25324675324674, 164], "23": [606.3625649350649, 378.51298701298697, 224], "25": [687.401525974026, 383.49999999999994, 226], "27": [793.3755519480519, 381.0064935064935, 172], "29": [873.1677597402597, 387.2402597402597, 505], "31": [876.8, 388.1, 269], "33": [944.2326948051948, 383.49999999999994, 416], "41": [118.88204545454539, 382.25324675324674, 139], "43": [204.90801948051939, 384.7467532467532, 167], "45": [294.3, 384.4, 200], "47": [361.3, 382.0, 260], "49": [460.4, 375.0, 310], "51": [445.5, 376.3, 172], "53": [541.0, 377.5, 303], "57": [864.440487012987, 384.7467532467532, 619], "59": [914.3106168831168, 383.49999999999994, 253], "61": [923.0378896103896, 382.25324675324674, 767]}}