{"total_time": 26.58, "changed_fixations": 9, "total_fixations": 17, "fixations_data": {"0": [29.1, 384.7, 236], "2": [63.91558441558439, 385.99350649350646, 131], "4": [115.9, 387.7, 133], "6": [157.42207792207793, 383.49999999999994, 191], "8": [206.04545454545453, 383.49999999999994, 225], "10": [315.9, 388.0, 291], "12": [439.9, 386.5, 170], "16": [559.4, 384.9, 200], "18": [596.5, 381.9, 142], "20": [641.8, 379.3, 132], "23": [618.7207792207793, 383.49999999999994, 610], "25": [633.6818181818182, 378.51298701298697, 194], "27": [682.3051948051949, 385.99350649350646, 918], "29": [146.20129870129867, 384.7467532467532, 238], "31": [235.9675324675325, 383.49999999999994, 298], "33": [201.05844155844156, 383.49999999999994, 174], "35": [94.7, 384.7, 103]}}