{"total_time": 27.37, "changed_fixations": 10, "total_fixations": 10, "fixations_data": {"0": [29.006493506493456, 384.7467532467532, 141], "5": [194.82467532467533, 384.7467532467532, 162], "7": [216.01948051948054, 385.99350649350646, 131], "9": [287.08441558441564, 385.99350649350646, 155], "11": [334.461038961039, 387.2402597402597, 155], "13": [351.9155844155845, 384.7467532467532, 220], "15": [295.8116883116884, 383.49999999999994, 216], "17": [294.56493506493507, 384.7467532467532, 114], "19": [394.3051948051949, 377.2662337662337, 331], "21": [415.5000000000001, 382.25324675324674, 1652]}}