{"total_time": 24.63, "changed_fixations": 13, "total_fixations": 16, "fixations_data": {"0": [20.279220779220765, 382.25324675324674, 214], "2": [45.1, 375.1, 132], "4": [115.0324675324675, 381.0064935064935, 137], "6": [164.90259740259737, 382.25324675324674, 160], "8": [264.6428571428572, 385.99350649350646, 199], "10": [313.26623376623377, 384.7467532467532, 166], "12": [376.8506493506494, 381.0064935064935, 202], "14": [500.27922077922085, 383.49999999999994, 199], "18": [597.5259740259742, 382.25324675324674, 276], "20": [653.6298701298703, 382.25324675324674, 309], "22": [732.1753246753248, 378.51298701298697, 137], "25": [749.6298701298703, 381.0064935064935, 241], "27": [767.0844155844158, 382.25324675324674, 155], "29": [764.5909090909092, 384.7467532467532, 395], "31": [112.5, 384.5, 236], "33": [39.6, 380.3, 987]}}