{"total_time": 46.25, "changed_fixations": 14, "total_fixations": 24, "fixations_data": {"0": [26.512987012986997, 383.49999999999994, 222], "2": [68.90259740259737, 385.99350649350646, 129], "4": [96.33116883116881, 383.49999999999994, 192], "6": [158.66883116883113, 377.2662337662337, 201], "8": [242.20129870129873, 384.7467532467532, 199], "10": [148.69480519480518, 382.25324675324674, 172], "12": [244.69480519480518, 382.25324675324674, 214], "14": [322.9, 384.1, 179], "16": [385.6, 384.9, 198], "18": [429.7, 388.1, 209], "20": [486.5649350649352, 379.7597402597402, 297], "22": [479.08441558441564, 383.49999999999994, 114], "24": [605.5, 376.9, 167], "26": [661.1103896103897, 382.25324675324674, 136], "28": [712.3, 380.8, 193], "31": [769.5779220779222, 385.99350649350646, 1016], "33": [136.22727272727272, 384.7467532467532, 177], "35": [198.56493506493504, 381.0064935064935, 186], "37": [324.0, 384.7, 190], "39": [412.8, 381.5, 176], "41": [501.9, 379.4, 260], "43": [621.6, 380.9, 276], "45": [706.2, 380.4, 540], "47": [778.3051948051949, 384.7467532467532, 928]}}