{"total_time": 29.04, "changed_fixations": 10, "total_fixations": 11, "fixations_data": {"0": [19.351785714285654, 384.7467532467532, 220], "2": [50.520616883116816, 385.99350649350646, 154], "4": [87.92321428571421, 381.0064935064935, 119], "6": [158.98814935064928, 387.2402597402597, 269], "10": [227.5595779220779, 379.7597402597402, 223], "12": [281.16996753246747, 384.7467532467532, 147], "14": [364.702435064935, 387.2402597402597, 234], "18": [503.0920454545454, 382.25324675324674, 239], "20": [466.93620129870135, 385.99350649350646, 187], "27": [581.8, 385.2, 1579], "29": [584.1310064935066, 384.7467532467532, 571]}}