{"total_time": 34.66, "changed_fixations": 9, "total_fixations": 11, "fixations_data": {"0": [21.525974025974023, 385.99350649350646, 285], "2": [60.175324675324674, 384.7467532467532, 141], "4": [115.0324675324675, 382.25324675324674, 174], "6": [173.6298701298701, 383.49999999999994, 171], "8": [212.27922077922076, 385.99350649350646, 190], "10": [171.13636363636365, 382.25324675324674, 115], "12": [240.95454545454547, 387.2402597402597, 177], "14": [317.0064935064936, 381.0064935064935, 211], "16": [394.3051948051949, 383.49999999999994, 224], "18": [468.3, 388.2, 328], "20": [548.9, 379.0, 1261]}}