{"total_time": 33.16, "changed_fixations": 18, "total_fixations": 19, "fixations_data": {"0": [26.512987012986997, 384.7467532467532, 233], "2": [67.65584415584411, 384.7467532467532, 142], "4": [132.48701298701295, 384.7467532467532, 172], "6": [204.5, 378.5, 121], "8": [285.8376623376623, 384.7467532467532, 276], "10": [383.08441558441564, 379.7597402597402, 216], "12": [457.8896103896104, 384.7467532467532, 222], "14": [598.7727272727274, 383.49999999999994, 193], "16": [633.6818181818182, 379.7597402597402, 100], "21": [600.0194805194806, 382.25324675324674, 240], "23": [668.5909090909092, 387.2402597402597, 459], "25": [662.357142857143, 383.49999999999994, 297], "27": [101.31818181818178, 384.7467532467532, 241], "29": [70.14935064935062, 379.7597402597402, 307], "31": [340.6948051948052, 385.99350649350646, 206], "33": [408.01948051948057, 382.25324675324674, 187], "35": [496.53896103896113, 381.0064935064935, 263], "37": [558.8766233766235, 384.7467532467532, 281], "39": [676.0714285714287, 383.49999999999994, 878]}}