{"total_time": 31.5, "changed_fixations": 12, "total_fixations": 13, "fixations_data": {"0": [15.292207792207734, 385.99350649350646, 233], "2": [48.95454545454541, 384.7467532467532, 175], "4": [131.24025974025975, 385.99350649350646, 330], "6": [199.8116883116883, 382.25324675324674, 248], "8": [284.5909090909091, 381.0064935064935, 197], "10": [318.2532467532468, 379.7597402597402, 240], "12": [283.3441558441559, 383.49999999999994, 237], "14": [395.5519480519481, 378.51298701298697, 157], "17": [408.01948051948057, 376.0194805194805, 1064], "19": [324.48701298701303, 376.0194805194805, 210], "21": [408.01948051948057, 382.25324675324674, 204], "23": [86.35714285714286, 384.7467532467532, 200], "25": [63.2, 379.5, 462]}}