{"total_time": 30.14, "changed_fixations": 12, "total_fixations": 13, "fixations_data": {"0": [27.759740259740255, 384.7467532467532, 222], "2": [53.94155844155844, 383.49999999999994, 140], "4": [119.8, 379.9, 192], "11": [315.7597402597403, 384.7467532467532, 194], "13": [353.1623376623377, 385.99350649350646, 126], "15": [389.31818181818187, 383.49999999999994, 224], "17": [476.5909090909091, 378.51298701298697, 409], "19": [440.43506493506504, 378.51298701298697, 699], "21": [536.435064935065, 379.7597402597402, 173], "23": [224.74675324675323, 383.49999999999994, 163], "30": [166.14935064935062, 388.487012987013, 154], "32": [504.01948051948057, 379.7597402597402, 465], "34": [522.7207792207793, 379.7597402597402, 352]}}