{"total_time": 51.93, "changed_fixations": 19, "total_fixations": 23, "fixations_data": {"0": [11.6, 384.1, 234], "2": [38.98051948051946, 382.25324675324674, 110], "4": [110.04545454545453, 381.0064935064935, 157], "9": [248.43506493506496, 384.7467532467532, 191], "11": [287.08441558441564, 382.25324675324674, 161], "13": [385.57792207792215, 382.25324675324674, 202], "15": [480.9, 385.2, 361], "17": [605.0064935064936, 385.99350649350646, 192], "19": [649.8896103896105, 382.25324675324674, 188], "21": [710.4, 387.9, 215], "23": [772.0714285714288, 383.49999999999994, 152], "25": [841.8896103896105, 384.7467532467532, 248], "31": [715.9675324675326, 383.49999999999994, 113], "33": [118.7, 386.8, 201], "35": [61.422077922077875, 379.7597402597402, 181], "37": [173.6298701298701, 383.49999999999994, 206], "39": [242.20129870129873, 385.99350649350646, 181], "41": [365.62987012987014, 378.51298701298697, 207], "43": [505.2662337662339, 382.25324675324674, 251], "45": [663.6038961038962, 385.99350649350646, 181], "47": [841.8896103896105, 381.0064935064935, 278], "49": [884.279220779221, 382.25324675324674, 596], "51": [896.7467532467534, 382.25324675324674, 696]}}