{"total_time": 28.61, "changed_fixations": 10, "total_fixations": 15, "fixations_data": {"0": [17.8, 377.0, 218], "2": [56.4350649350649, 381.0064935064935, 124], "4": [101.31818181818178, 385.99350649350646, 190], "7": [188.5909090909091, 381.0064935064935, 266], "9": [259.8, 383.5, 212], "11": [330.72077922077926, 385.99350649350646, 155], "13": [403.0, 384.2, 197], "15": [487.8116883116884, 384.7467532467532, 294], "18": [516.487012987013, 378.51298701298697, 241], "20": [533.9415584415585, 384.7467532467532, 713], "22": [97.57792207792207, 383.49999999999994, 202], "24": [29.006493506493456, 384.7467532467532, 797], "26": [189.3, 383.4, 253], "28": [460.38311688311694, 385.99350649350646, 302], "30": [540.2, 381.2, 997]}}