{"total_time": 38.59, "changed_fixations": 14, "total_fixations": 18, "fixations_data": {"0": [24.01948051948048, 382.25324675324674, 231], "2": [71.39610389610388, 384.7467532467532, 133], "4": [123.75974025974025, 382.25324675324674, 202], "6": [193.57792207792207, 389.7337662337662, 137], "13": [323.24025974025983, 382.25324675324674, 204], "15": [393.0584415584416, 381.0064935064935, 297], "17": [478.6, 381.1, 195], "19": [548.6, 379.2, 172], "21": [593.4, 377.5, 169], "23": [672.331168831169, 384.7467532467532, 173], "26": [707.2402597402598, 383.49999999999994, 684], "28": [144.95454545454547, 379.7597402597402, 247], "30": [284.5909090909091, 385.99350649350646, 199], "32": [380.5909090909091, 384.7467532467532, 227], "34": [410.5129870129871, 381.0064935064935, 287], "36": [511.5000000000001, 382.25324675324674, 178], "38": [709.3, 380.5, 170], "43": [702.2532467532468, 385.99350649350646, 256]}}