{"total_time": 46.71, "changed_fixations": 20, "total_fixations": 26, "fixations_data": {"0": [-2, -2, 239], "2": [19.764432341851688, 383.8767071638039, 170], "4": [63.06564725596985, 387.3408043569334, 152], "6": [107.23288646837037, 384.7427314620863, 187], "8": [160.0603686635945, 385.6087557603687, 185], "10": [200.76351068286556, 383.8767071638039, 227], "12": [239.73460410557186, 387.3408043569334, 198], "14": [292.562086300796, 383.8767071638039, 209], "16": [357.9, 388.3, 443], "18": [435.3, 386.8, 303], "20": [444.8, 386.5, 189], "22": [491.6, 383.2, 477], "24": [538.5129870129872, 384.7427314620863, 661], "26": [574.019983242564, 382.1446585672392, 231], "28": [632.9096355257648, 383.8767071638039, 193], "30": [731.6364055299541, 383.0106828655216, 316], "32": [179.11290322580646, 387.3408043569334, 198], "34": [201.6295349811479, 382.1446585672392, 171], "36": [270.911478843737, 383.8767071638039, 206], "38": [70.8598659405111, 385.6087557603687, 223], "40": [125.41939673229999, 387.3408043569334, 278], "42": [171.5, 390.6, 138], "44": [225.5, 385.4, 166], "46": [314.2126937578551, 387.3408043569334, 318], "48": [376.5664432341852, 383.8767071638039, 381], "50": [435.4560955173859, 384.7427314620863, 222]}}