{"total_time": 28.43, "changed_fixations": 16, "total_fixations": 19, "fixations_data": {"0": [36.487012987012946, 384.7467532467532, 269], "4": [66.4090909090909, 384.7467532467532, 203], "6": [128.74675324675323, 382.25324675324674, 189], "8": [162.4090909090909, 384.7467532467532, 167], "10": [252.17532467532467, 384.7467532467532, 207], "12": [341.9415584415585, 382.25324675324674, 235], "14": [455.3961038961039, 384.7467532467532, 289], "18": [461.62987012987014, 383.49999999999994, 311], "20": [421.73376623376635, 383.49999999999994, 240], "22": [546.5, 384.3, 258], "24": [511.5000000000001, 385.99350649350646, 287], "26": [576.331168831169, 385.99350649350646, 252], "28": [619.9675324675326, 384.7467532467532, 217], "30": [684.7987012987014, 384.7467532467532, 197], "32": [772.0714285714288, 383.49999999999994, 267], "34": [864.6, 384.5, 275], "36": [912.6, 383.8, 449], "38": [719.7077922077923, 383.49999999999994, 272], "40": [661.1103896103897, 383.49999999999994, 856]}}