{"total_time": 33.56, "changed_fixations": 12, "total_fixations": 15, "fixations_data": {"0": [17.0, 387.8, 275], "2": [53.94155844155844, 379.7597402597402, 199], "4": [91.34415584415584, 381.0064935064935, 239], "6": [136.22727272727272, 383.49999999999994, 166], "8": [154.92857142857142, 379.7597402597402, 143], "10": [214.77272727272728, 382.25324675324674, 241], "12": [243.9, 382.0, 144], "14": [302.0454545454546, 376.0194805194805, 234], "16": [278.9, 387.7, 203], "18": [312.01948051948057, 384.7467532467532, 128], "20": [374.3571428571429, 378.51298701298697, 196], "22": [426.72077922077926, 382.25324675324674, 371], "24": [480.33116883116895, 385.99350649350646, 204], "26": [543.9155844155845, 383.49999999999994, 188], "28": [634.9285714285716, 382.25324675324674, 732]}}