{"total_time": 29.0, "changed_fixations": 11, "total_fixations": 11, "fixations_data": {"0": [15.292207792207734, 385.99350649350646, 303], "4": [88.85064935064932, 383.49999999999994, 334], "6": [138.72077922077924, 383.49999999999994, 158], "8": [158.66883116883113, 382.25324675324674, 169], "10": [222.25324675324677, 384.7467532467532, 222], "12": [253.42207792207793, 382.25324675324674, 254], "14": [315.7597402597403, 389.7337662337662, 190], "16": [351.9155844155845, 383.49999999999994, 166], "18": [385.57792207792215, 381.0064935064935, 322], "20": [431.7077922077923, 382.25324675324674, 229], "22": [386.82467532467535, 383.49999999999994, 287]}}