{"total_time": 33.29, "changed_fixations": 10, "total_fixations": 12, "fixations_data": {"0": [20.279220779220765, 384.7467532467532, 277], "2": [32.74675324675323, 379.7597402597402, 113], "4": [96.33116883116881, 384.7467532467532, 243], "6": [112.53896103896105, 383.49999999999994, 137], "8": [159.2, 390.6, 498], "10": [189.83766233766235, 383.49999999999994, 294], "12": [229.73376623376626, 383.49999999999994, 237], "14": [264.6428571428572, 382.25324675324674, 156], "16": [335.7077922077923, 381.0064935064935, 241], "18": [384.5, 386.4, 247], "20": [461.62987012987014, 381.0064935064935, 375], "22": [521.4740259740261, 385.99350649350646, 350]}}