{"total_time": 42.87, "changed_fixations": 22, "total_fixations": 24, "fixations_data": {"0": [-2, -2, 235], "2": [35.24025974025969, 382.25324675324674, 224], "4": [110.04545454545453, 382.25324675324674, 223], "6": [162.4090909090909, 383.49999999999994, 224], "8": [211.0324675324675, 383.49999999999994, 235], "10": [244.69480519480518, 377.2662337662337, 269], "12": [282.0974025974026, 378.51298701298697, 234], "14": [364.38311688311694, 379.7597402597402, 213], "16": [317.0064935064936, 383.49999999999994, 202], "18": [380.5909090909091, 382.25324675324674, 275], "20": [477.83766233766244, 383.49999999999994, 255], "22": [421.73376623376635, 382.25324675324674, 316], "24": [551.5, 384.1, 182], "26": [612.487012987013, 384.7467532467532, 166], "28": [658.6168831168832, 384.7467532467532, 313], "30": [714.7207792207794, 384.7467532467532, 402], "32": [770.8246753246755, 382.25324675324674, 212], "34": [789.525974025974, 385.99350649350646, 282], "36": [880.5389610389612, 382.25324675324674, 281], "38": [813.2142857142859, 383.49999999999994, 344], "40": [747.1363636363637, 383.49999999999994, 295], "42": [417.9935064935065, 378.51298701298697, 191], "44": [319.3, 384.6, 127], "46": [108.79870129870127, 383.49999999999994, 308]}}