{"total_time": 27.34, "changed_fixations": 14, "total_fixations": 14, "fixations_data": {"0": [15.292207792207734, 385.99350649350646, 280], "2": [53.94155844155844, 382.25324675324674, 178], "4": [90.09740259740258, 379.7597402597402, 244], "6": [111.29220779220779, 381.0064935064935, 168], "8": [55.18831168831164, 385.99350649350646, 188], "12": [166.14935064935062, 384.7467532467532, 296], "14": [206.04545454545453, 383.49999999999994, 147], "16": [257.1623376623377, 387.2402597402597, 334], "18": [304.53896103896113, 383.49999999999994, 167], "20": [338.2012987012987, 382.25324675324674, 298], "22": [364.38311688311694, 379.7597402597402, 244], "24": [360.6428571428572, 382.25324675324674, 208], "26": [394.3051948051949, 387.2402597402597, 249], "28": [336.9545454545455, 384.7467532467532, 734]}}