{"total_time": 33.23, "changed_fixations": 16, "total_fixations": 17, "fixations_data": {"0": [19.4, 389.8, 326], "2": [45.214285714285694, 381.0064935064935, 125], "4": [57.68181818181816, 385.99350649350646, 192], "6": [92.5909090909091, 387.2402597402597, 177], "8": [51.448051948051926, 385.99350649350646, 232], "10": [83.86363636363635, 382.25324675324674, 200], "12": [131.24025974025975, 383.49999999999994, 167], "14": [193.57792207792207, 384.7467532467532, 225], "16": [262.1493506493507, 382.25324675324674, 184], "18": [320.7467532467533, 384.7467532467532, 330], "20": [356.9025974025975, 385.99350649350646, 272], "22": [395.5519480519481, 383.49999999999994, 235], "24": [467.8636363636364, 384.7467532467532, 138], "26": [531.448051948052, 385.99350649350646, 293], "28": [472.8506493506494, 385.99350649350646, 287], "30": [455.3961038961039, 385.99350649350646, 185], "32": [504.01948051948057, 384.7467532467532, 143]}}