{"total_time": 24.99, "changed_fixations": 9, "total_fixations": 10, "fixations_data": {"0": [-2, -2, 125], "4": [54.1, 382.9, 158], "6": [16.53896103896099, 382.25324675324674, 189], "8": [77.62987012987011, 384.7467532467532, 112], "10": [110.04545454545453, 387.2402597402597, 235], "12": [169.8896103896104, 382.25324675324674, 159], "14": [222.25324675324677, 385.99350649350646, 305], "16": [288.33116883116884, 382.25324675324674, 232], "18": [297.0584415584416, 385.99350649350646, 263], "20": [360.6428571428572, 385.99350649350646, 390]}}