{"total_time": 53.23, "changed_fixations": 21, "total_fixations": 29, "fixations_data": {"0": [-2, -2, 241], "4": [26.52505236698785, 382.6018014243821, 221], "6": [60.6, 379.5, 220], "8": [95.14072056975284, 383.98797653958945, 188], "10": [137.9, 383.6, 132], "12": [177.61813992459156, 385.37415165479683, 308], "14": [231.5, 387.0, 233], "16": [261.5, 384.4, 187], "18": [345.3453288646838, 382.6018014243821, 436], "20": [394.5545454545455, 383.29488898198576, 367], "22": [353.662379555928, 386.0672392124005, 112], "24": [434.3, 384.1, 224], "26": [481.1904901550064, 386.7603267700042, 292], "28": [528.9, 383.0, 390], "30": [472.8734394637621, 382.6018014243821, 276], "32": [541.4891076665272, 384.68106409719314, 147], "34": [447.9222873900294, 383.98797653958945, 214], "36": [384.1, 382.4, 338], "38": [481.4, 382.7, 196], "40": [56.32781734394639, 384.68106409719314, 715], "42": [120.09187264348556, 388.8395894428152, 234], "44": [179.00431503979894, 383.98797653958945, 168], "46": [227.520444072057, 382.6018014243821, 286], "48": [274.6503979891077, 383.98797653958945, 382], "50": [321.0872643485547, 383.29488898198576, 182], "52": [398.71307080016766, 385.37415165479683, 301], "54": [464.55638877251783, 383.98797653958945, 268], "56": [530.3997067448681, 386.7603267700042, 473], "58": [502.67620444072065, 384.68106409719314, 234]}}