{"total_time": 49.23, "changed_fixations": 20, "total_fixations": 23, "fixations_data": {"0": [14.1, 386.7, 290], "2": [21.83162966066189, 383.11793045664007, 192], "4": [73.23003770423122, 383.11793045664007, 174], "6": [124.62844574780058, 386.544490992878, 308], "10": [60.38043569333888, 380.5480100544616, 334], "12": [31.254671135316272, 383.97457059069956, 129], "14": [128.91164641809803, 384.83121072475905, 272], "16": [141.76124842899037, 387.4011311269375, 253], "18": [153.75421030582322, 385.68785085881854, 169], "20": [201.72605781315463, 381.4046501885211, 440], "22": [236.84830330959363, 383.97457059069956, 410], "24": [298.52639296187687, 383.97457059069956, 265], "26": [248.84126518642648, 385.68785085881854, 275], "28": [274.7, 386.0, 115], "30": [299.38303309593636, 383.97457059069956, 207], "32": [349.9248010054462, 382.2612903225806, 205], "34": [402.9, 383.3, 164], "36": [445.01185588604955, 383.97457059069956, 363], "38": [493.84034352744044, 381.4046501885211, 196], "40": [549.5219522413072, 381.4046501885211, 246], "42": [649.7488479262674, 383.11793045664007, 287], "44": [721.7066191872646, 384.83121072475905, 419], "46": [675.4480519480521, 381.4046501885211, 272]}}