{"total_time": 25.87, "changed_fixations": 11, "total_fixations": 12, "fixations_data": {"3": [42.72077922077918, 385.99350649350646, 190], "5": [85.1103896103896, 384.7467532467532, 161], "7": [129.9935064935065, 385.99350649350646, 187], "9": [196.07142857142858, 383.49999999999994, 388], "13": [250.92857142857142, 385.99350649350646, 170], "15": [308.27922077922085, 387.2402597402597, 202], "17": [395.3, 385.3, 283], "21": [530.2012987012988, 384.7467532467532, 188], "23": [587.5519480519481, 385.99350649350646, 378], "25": [668.5909090909092, 383.49999999999994, 326], "27": [499.03246753246765, 381.0064935064935, 299], "29": [536.435064935065, 379.7597402597402, 474]}}