{"total_time": 42.26, "changed_fixations": 17, "total_fixations": 18, "fixations_data": {"0": [-2, -2, 244], "2": [32.0, 386.3, 186], "4": [67.13748079877112, 382.89181678536517, 162], "6": [111.10184331797237, 382.0463482753805, 158], "8": [182.12119815668203, 384.58275380533445, 224], "10": [221.85821812596006, 383.7372852953498, 208], "12": [286.9592933947773, 384.58275380533445, 283], "14": [315.705222734255, 386.27369082530373, 175], "16": [370.66067588325654, 382.89181678536517, 313], "18": [396.8701996927804, 383.7372852953498, 181], "20": [467.04408602150534, 383.7372852953498, 289], "22": [437.45268817204305, 383.7372852953498, 194], "24": [514.3903225806451, 387.964627845273, 223], "26": [557.5092165898618, 387.1191593352884, 220], "28": [650.510752688172, 379.50994274542666, 375], "30": [148.30245775729648, 383.7372852953498, 315], "32": [130.54761904761907, 382.0463482753805, 167], "34": [193.957757296467, 383.7372852953498, 169]}}