{"total_time": 45.76, "changed_fixations": 21, "total_fixations": 24, "fixations_data": {"0": [20.0, 384.6, 312], "2": [34.508294930875564, 383.2868454126517, 187], "4": [24.522203602848748, 383.2868454126517, 282], "6": [58.32128194386257, 385.5913280268117, 197], "8": [97.49748638458314, 381.75052366987836, 192], "10": [35.276455802262234, 384.82316715542504, 160], "12": [97.49748638458314, 383.2868454126517, 356], "14": [135.13736908253037, 383.2868454126517, 231], "16": [202.73552576455802, 384.82316715542504, 240], "18": [248.05701717637203, 382.51868454126503, 224], "20": [331.01839128613324, 386.35948889819844, 321], "22": [399.3847088395476, 384.82316715542504, 480], "24": [384.7896522832007, 384.82316715542504, 177], "26": [419.3568914956012, 382.51868454126503, 199], "28": [490.7958525345623, 384.82316715542504, 267], "30": [550.7124005027232, 384.82316715542504, 256], "32": [617.8, 383.8, 494], "34": [629.9, 382.5, 193], "36": [327.1775869291999, 380.98236279849164, 219], "38": [122.84679514034352, 384.05500628403837, 189], "40": [166.63196480938416, 384.82316715542504, 370], "43": [-2, -2, 155], "45": [-2, -2, 343], "47": [362.512987012987, 387.8958106409718, 334]}}