{"total_time": 52.1, "changed_fixations": 24, "total_fixations": 31, "fixations_data": {"2": [-2, -2, 144], "4": [74.5, 384.5, 282], "6": [107.59618768328447, 383.89145370758274, 353], "8": [144.72530372852958, 380.79736070381233, 313], "10": [201.96602429828238, 381.57088395475495, 283], "12": [203.2, 388.0, 135], "14": [277.77130289065775, 383.1179304566401, 232], "16": [314.6, 385.6, 236], "18": [324.18269794721414, 386.21202346041053, 429], "20": [424.0, 386.5, 319], "22": [365.17943024717226, 382.3444072056975, 307], "26": [425.3, 386.7, 255], "28": [452.6, 382.7, 322], "30": [503.6400921658987, 382.3444072056975, 250], "32": [553.1455802262255, 385.438500209468, 488], "34": [618.1215333054045, 381.57088395475495, 190], "36": [673.0416841223295, 386.21202346041053, 318], "38": [680.7769166317555, 383.89145370758274, 240], "40": [560.8808127356516, 386.98554671135315, 250], "42": [564.5, 384.9, 203], "44": [273.13016338500216, 383.89145370758274, 234], "46": [277.77130289065775, 386.98554671135315, 150], "48": [153.2340594888982, 384.66497695852536, 183], "50": [107.59618768328447, 386.98554671135315, 376], "52": [61.95831587767073, 385.438500209468, 234], "54": [155.55462924172605, 383.89145370758274, 156], "56": [241.41571009635527, 385.438500209468, 311], "58": [338.87963971512363, 383.1179304566401, 337], "60": [438.6641390867198, 386.21202346041053, 325], "64": [497.4519061583579, 383.89145370758274, 114], "71": [606.5186845412654, 384.66497695852536, 111]}}