{"total_time": 30.22, "changed_fixations": 15, "total_fixations": 15, "fixations_data": {"0": [27.759740259740255, 388.487012987013, 263], "2": [62.66883116883113, 385.99350649350646, 249], "4": [68.90259740259737, 384.7467532467532, 122], "6": [127.49999999999997, 383.49999999999994, 223], "8": [182.35714285714286, 385.99350649350646, 115], "10": [274.6168831168832, 385.99350649350646, 309], "12": [360.6428571428572, 387.2402597402597, 275], "14": [449.1623376623377, 383.49999999999994, 195], "16": [464.12337662337666, 384.7467532467532, 243], "18": [513.9935064935065, 383.49999999999994, 181], "20": [558.8766233766235, 387.2402597402597, 524], "22": [617.4740259740261, 381.0064935064935, 203], "24": [662.357142857143, 382.25324675324674, 526], "26": [674.8246753246755, 382.25324675324674, 962], "28": [513.9935064935065, 385.99350649350646, 208]}}