{"total_time": 67.52, "changed_fixations": 23, "total_fixations": 23, "fixations_data": {"0": [-2, -2, 231], "2": [29.95532467532456, 382.25324675324674, 147], "4": [59.877402597402465, 383.49999999999994, 211], "6": [73.59168831168819, 384.7467532467532, 164], "8": [98.52675324675312, 384.7467532467532, 176], "12": [197.02025974025958, 383.49999999999994, 236], "14": [243.15012987012972, 385.99350649350646, 236], "16": [273.07220779220756, 384.7467532467532, 213], "18": [335.4098701298699, 381.0064935064935, 209], "20": [384.03324675324654, 385.99350649350646, 234], "22": [412.7085714285712, 384.7467532467532, 240], "24": [443.87740259740235, 384.7467532467532, 283], "26": [476.2929870129868, 384.7467532467532, 287], "28": [494.9942857142855, 384.7467532467532, 147], "30": [547.3579220779218, 384.7467532467532, 219], "32": [582.2670129870128, 385.99350649350646, 225], "34": [668.2929870129867, 384.7467532467532, 236], "36": [696.9683116883115, 385.99350649350646, 207], "38": [725.6436363636361, 382.25324675324674, 303], "40": [756.8124675324672, 387.2402597402597, 670], "42": [765.5397402597399, 384.7467532467532, 247], "44": [776.7605194805193, 383.49999999999994, 687], "46": [241.9033766233764, 385.99350649350646, 341]}}