{"total_time": 51.75, "changed_fixations": 13, "total_fixations": 13, "fixations_data": {"0": [13.589545454545373, 384.7467532467532, 102], "2": [-2, -2, 144], "4": [41.01811688311682, 381.0064935064935, 355], "6": [62.21292207792203, 385.99350649350646, 219], "8": [110.83629870129869, 385.99350649350646, 195], "10": [186.88824675324673, 385.99350649350646, 388], "12": [285.3817532467533, 383.49999999999994, 451], "14": [311.56357142857144, 387.2402597402597, 219], "16": [340.2388961038962, 387.2402597402597, 215], "18": [371.40772727272736, 384.7467532467532, 382], "20": [406.31681818181823, 387.2402597402597, 275], "22": [366.4207142857143, 384.7467532467532, 365], "24": [416.2908441558442, 387.2402597402597, 391]}}