{"total_time": 35.8, "changed_fixations": 18, "total_fixations": 21, "fixations_data": {"0": [17.78571428571425, 379.7597402597402, 311], "2": [31.0, 382.4, 112], "4": [65.16233766233765, 382.25324675324674, 169], "6": [101.31818181818178, 378.51298701298697, 205], "8": [142.46103896103895, 377.2662337662337, 182], "10": [194.82467532467533, 383.49999999999994, 184], "12": [237.2142857142857, 383.49999999999994, 245], "14": [278.3571428571429, 383.49999999999994, 117], "16": [336.9545454545455, 379.7597402597402, 250], "18": [398.0454545454546, 381.0064935064935, 404], "20": [454.1493506493507, 379.7597402597402, 209], "22": [499.03246753246765, 383.49999999999994, 230], "24": [555.1363636363637, 384.7467532467532, 278], "26": [609.9935064935066, 379.7597402597402, 401], "28": [681.2, 383.8, 312], "30": [687.2922077922079, 383.49999999999994, 467], "32": [590.0454545454546, 379.7597402597402, 125], "34": [270.87662337662346, 382.25324675324674, 514], "36": [141.7, 383.9, 181], "39": [-2, -2, 147], "41": [-2, -2, 176]}}