{"total_time": 30.54, "changed_fixations": 14, "total_fixations": 14, "fixations_data": {"0": [24.01948051948048, 383.49999999999994, 264], "2": [52.694805194805184, 383.49999999999994, 374], "4": [86.35714285714286, 383.49999999999994, 164], "6": [181.1103896103896, 384.7467532467532, 381], "8": [219.75974025974025, 384.7467532467532, 167], "10": [260.9025974025974, 384.7467532467532, 160], "12": [293.31818181818187, 382.25324675324674, 237], "14": [368.12337662337666, 381.0064935064935, 230], "16": [430.461038961039, 385.99350649350646, 230], "18": [490.3051948051949, 383.49999999999994, 219], "20": [552.6428571428572, 387.2402597402597, 613], "22": [638.6688311688313, 382.25324675324674, 197], "24": [632.435064935065, 379.7597402597402, 726], "26": [661.1103896103897, 383.49999999999994, 756]}}