{"total_time": 42.2, "changed_fixations": 19, "total_fixations": 20, "fixations_data": {"0": [18.7, 386.8, 388], "2": [63.91558441558439, 383.49999999999994, 236], "4": [118.77272727272728, 385.99350649350646, 201], "6": [183.60389610389612, 388.487012987013, 170], "8": [228.487012987013, 383.49999999999994, 173], "10": [274.6168831168832, 385.99350649350646, 164], "12": [328.22727272727275, 388.487012987013, 202], "14": [373.1103896103897, 389.7337662337662, 224], "16": [403.03246753246754, 385.99350649350646, 251], "18": [427.9675324675326, 387.2402597402597, 130], "20": [487.8116883116884, 383.49999999999994, 404], "22": [558.8766233766235, 379.7597402597402, 273], "24": [592.5389610389611, 388.487012987013, 259], "26": [619.9675324675326, 383.49999999999994, 289], "28": [687.2922077922079, 383.49999999999994, 376], "30": [701.0064935064936, 383.49999999999994, 271], "32": [668.5909090909092, 384.7467532467532, 414], "34": [562.6168831168832, 385.99350649350646, 360], "36": [619.9675324675326, 384.7467532467532, 147], "39": [674.8246753246755, 382.25324675324674, 471]}}