{"total_time": 42.05, "changed_fixations": 20, "total_fixations": 21, "fixations_data": {"0": [32.029318181818155, 385.99350649350646, 111], "2": [-2, -2, 141], "4": [45.7, 379.0, 157], "6": [99.35399350649351, 382.25324675324674, 210], "8": [169.17217532467532, 385.99350649350646, 202], "10": [206.57477272727272, 384.7467532467532, 213], "12": [221.5358116883117, 384.7467532467532, 174], "14": [285.12022727272733, 382.25324675324674, 235], "16": [322.5228246753247, 385.99350649350646, 186], "18": [433.4838636363637, 387.2402597402597, 264], "20": [497.06827922077923, 384.7467532467532, 159], "22": [540.7046428571429, 382.25324675324674, 250], "24": [604.2890584415585, 384.7467532467532, 284], "26": [699.0423051948053, 383.49999999999994, 274], "28": [630.4708766233767, 384.7467532467532, 266], "30": [712.756590909091, 379.7597402597402, 637], "32": [677.8475000000001, 383.49999999999994, 324], "34": [432.2371103896104, 383.49999999999994, 388], "36": [323.76957792207793, 387.2402597402597, 410], "38": [445.9513961038962, 387.2402597402597, 449], "40": [282.6267207792208, 385.99350649350646, 306]}}