{"total_time": 35.7, "changed_fixations": 18, "total_fixations": 18, "fixations_data": {"0": [17.78571428571425, 384.7467532467532, 335], "2": [52.694805194805184, 382.25324675324674, 174], "4": [91.34415584415584, 390.98051948051943, 562], "6": [128.74675324675323, 385.99350649350646, 303], "8": [169.8896103896104, 382.25324675324674, 188], "10": [242.20129870129873, 388.487012987013, 199], "14": [225.9935064935065, 381.0064935064935, 230], "16": [275.8636363636364, 384.7467532467532, 189], "18": [359.3961038961039, 385.99350649350646, 390], "20": [399.2922077922078, 385.99350649350646, 228], "22": [474.0974025974027, 383.49999999999994, 318], "24": [540.1753246753248, 384.7467532467532, 502], "26": [575.0844155844156, 385.99350649350646, 322], "28": [401.78571428571433, 382.25324675324674, 319], "30": [224.74675324675323, 388.487012987013, 303], "32": [197.31818181818184, 387.2402597402597, 119], "34": [313.26623376623377, 383.49999999999994, 234], "36": [465.37012987013, 385.99350649350646, 487]}}