{"total_time": 92.59, "changed_fixations": 46, "total_fixations": 47, "fixations_data": {"0": [20.279220779220765, 383.49999999999994, 282], "2": [63.91558441558439, 382.25324675324674, 104], "4": [108.79870129870127, 382.25324675324674, 206], "6": [157.42207792207793, 384.7467532467532, 259], "8": [192.3311688311688, 382.25324675324674, 233], "10": [209.7857142857143, 381.0064935064935, 181], "12": [282.0974025974026, 384.7467532467532, 331], "14": [294.56493506493507, 385.99350649350646, 196], "16": [371.8636363636364, 388.487012987013, 295], "18": [422.98051948051955, 384.7467532467532, 306], "20": [464.12337662337666, 378.51298701298697, 533], "22": [509.0064935064936, 382.25324675324674, 203], "24": [585.0584415584416, 385.99350649350646, 252], "26": [617.4740259740261, 385.99350649350646, 158], "28": [682.3051948051949, 384.7467532467532, 220], "30": [780.7987012987013, 381.0064935064935, 213], "32": [725.9415584415585, 382.25324675324674, 141], "34": [866.8246753246755, 381.0064935064935, 492], "36": [927.9155844155845, 381.0064935064935, 409], "38": [931.6558441558442, 383.49999999999994, 599], "40": [121.26623376623374, 383.49999999999994, 132], "42": [43.967532467532436, 382.25324675324674, 227], "44": [116.27922077922076, 382.25324675324674, 191], "46": [158.66883116883113, 378.51298701298697, 241], "48": [217.26623376623374, 377.2662337662337, 249], "50": [284.5909090909091, 388.487012987013, 533], "52": [300.7987012987013, 384.7467532467532, 150], "54": [280.8506493506494, 384.7467532467532, 425], "56": [349.42207792207796, 387.2402597402597, 309], "58": [462.87662337662346, 379.7597402597402, 401], "60": [471.6038961038962, 382.25324675324674, 469], "62": [512.7467532467533, 378.51298701298697, 240], "64": [577.5779220779222, 385.99350649350646, 213], "66": [627.448051948052, 385.99350649350646, 335], "68": [601.2662337662339, 381.0064935064935, 232], "70": [681.0584415584417, 381.0064935064935, 282], "72": [728.435064935065, 384.7467532467532, 261], "74": [780.7987012987013, 379.7597402597402, 159], "76": [873.0584415584416, 383.49999999999994, 358], "78": [927.9155844155845, 382.25324675324674, 345], "80": [942.8766233766236, 381.0064935064935, 1752], "82": [354.409090909091, 383.49999999999994, 140], "84": [131.2, 386.1, 239], "86": [214.77272727272728, 382.25324675324674, 154], "88": [292.07142857142856, 383.49999999999994, 257], "90": [371.8636363636364, 381.0064935064935, 274], "92": [459.13636363636374, 383.49999999999994, 455]}}