{"total_time": 146.56, "changed_fixations": 47, "total_fixations": 48, "fixations_data": {"0": [35.087077922077924, 385.99350649350646, 230], "2": [29.6, 380.1, 151], "4": [57.528636363636394, 385.99350649350646, 148], "6": [114.87928571428574, 382.25324675324674, 166], "8": [164.7494155844156, 382.25324675324674, 184], "10": [216.34623167155436, 385.87955592794304, 330], "12": [248.99239840804367, 384.85936321742776, 142], "14": [185.9442207792208, 384.7467532467532, 301], "16": [238.79047130289078, 381.7987850858819, 513], "18": [278.57798701298714, 386.89974863845833, 243], "20": [295.92126309174705, 382.8189777963972, 236], "22": [329.5876225387517, 381.7987850858819, 146], "24": [361.2135965647258, 382.8189777963972, 183], "26": [374.47610180142453, 379.7583996648513, 185], "28": [484.6569145370761, 381.7987850858819, 296], "30": [591.7771491411817, 381.7987850858819, 218], "32": [602.9992689568498, 377.7180142438207, 234], "34": [662.1704461667367, 379.7583996648513, 257], "36": [617.2819669040639, 383.83917050691247, 123], "38": [691.7560347716802, 386.89974863845833, 236], "40": [741.7454775869295, 377.7180142438207, 224], "42": [773.3714516129036, 383.83917050691247, 217], "44": [788.6743422706329, 380.7785923753666, 136], "46": [849.8859049015504, 385.87955592794304, 262], "48": [842.7445559279433, 384.85936321742776, 598], "50": [889.6734206116467, 380.7785923753666, 152], "52": [511.1819250104736, 378.73820695433596, 220], "54": [109.89227272727277, 384.7467532467532, 225], "56": [43.81435064935067, 383.49999999999994, 184], "58": [113.63253246753249, 381.0064935064935, 124], "60": [178.46370129870132, 381.0064935064935, 228], "62": [248.99239840804367, 385.87955592794304, 224], "64": [240.83085672392136, 383.83917050691247, 255], "66": [301.0222266443235, 384.85936321742776, 259], "68": [358.1530184331799, 380.7785923753666, 321], "70": [324.48665898617526, 384.85936321742776, 240], "72": [389.778992459154, 378.73820695433596, 242], "74": [457.1117113531632, 377.7180142438207, 212], "78": [391.81937788018456, 380.7785923753666, 306], "80": [598.9184981147887, 377.7180142438207, 259], "82": [665.2310242982826, 376.6978215333054, 215], "84": [615.2415814830333, 378.73820695433596, 282], "86": [674.4127586929203, 383.83917050691247, 215], "88": [742.7656702974448, 381.7987850858819, 213], "90": [775.4118370339341, 384.85936321742776, 194], "92": [838.6637850858822, 382.8189777963972, 296], "94": [880.491686217009, 382.8189777963972, 827], "96": [900.895540427315, 378.73820695433596, 562]}}