{"total_time": 28.31, "changed_fixations": 15, "total_fixations": 17, "fixations_data": {"0": [-2, -2, 275], "2": [28.4, 383.5, 148], "4": [107.55194805194802, 384.7467532467532, 186], "6": [169.8896103896104, 381.0064935064935, 153], "8": [257.1623376623377, 383.49999999999994, 296], "10": [309.52597402597405, 377.2662337662337, 294], "12": [317.0064935064936, 381.0064935064935, 196], "14": [406.77272727272737, 378.51298701298697, 232], "16": [480.33116883116895, 382.25324675324674, 219], "18": [533.9415584415585, 383.49999999999994, 165], "20": [560.1233766233767, 381.0064935064935, 700], "22": [582.7, 386.6, 453], "24": [486.5649350649352, 381.0064935064935, 194], "26": [336.9545454545455, 378.51298701298697, 279], "28": [247.1883116883117, 385.99350649350646, 228], "30": [267.1363636363636, 383.49999999999994, 392], "32": [111.29220779220779, 384.7467532467532, 308]}}