{"total_time": 30.29, "changed_fixations": 10, "total_fixations": 11, "fixations_data": {"0": [18.2, 389.0, 310], "2": [48.95454545454541, 385.99350649350646, 122], "4": [86.35714285714286, 384.7467532467532, 264], "6": [118.77272727272728, 383.49999999999994, 181], "8": [198.56493506493504, 382.25324675324674, 230], "10": [248.43506493506496, 383.49999999999994, 237], "12": [289.57792207792215, 383.49999999999994, 172], "14": [324.48701298701303, 384.7467532467532, 251], "16": [375.6038961038962, 384.7467532467532, 213], "18": [435.448051948052, 382.25324675324674, 202], "20": [484.07142857142867, 387.2402597402597, 2126]}}