{"total_time": 30.09, "changed_fixations": 9, "total_fixations": 11, "fixations_data": {"0": [22.9, 380.8, 269], "2": [62.0, 388.9, 280], "4": [103.8116883116883, 385.99350649350646, 192], "6": [172.38311688311686, 383.49999999999994, 192], "8": [204.79870129870127, 382.25324675324674, 124], "10": [267.1363636363636, 382.25324675324674, 554], "12": [292.07142857142856, 384.7467532467532, 135], "14": [354.409090909091, 384.7467532467532, 335], "16": [409.26623376623377, 387.2402597402597, 187], "18": [355.6558441558442, 387.2402597402597, 327], "20": [411.7597402597403, 385.99350649350646, 429]}}