{"total_time": 30.43, "changed_fixations": 17, "total_fixations": 18, "fixations_data": {"2": [28.5, 375.2, 298], "4": [73.88961038961034, 381.0064935064935, 296], "6": [131.24025974025975, 384.7467532467532, 258], "8": [179.86363636363635, 378.51298701298697, 271], "10": [204.79870129870127, 383.49999999999994, 157], "12": [275.8636363636364, 374.77272727272725, 222], "16": [403.03246753246754, 387.2402597402597, 247], "18": [388.07142857142867, 382.25324675324674, 229], "20": [404.27922077922085, 379.7597402597402, 183], "22": [469.1103896103897, 379.7597402597402, 332], "24": [537.6818181818182, 383.49999999999994, 375], "26": [525.2142857142858, 381.0064935064935, 226], "28": [573.8376623376624, 378.51298701298697, 896], "30": [592.5389610389611, 382.25324675324674, 376], "32": [581.3181818181819, 379.7597402597402, 187], "34": [202.30519480519482, 376.0194805194805, 192], "36": [137.47402597402598, 376.0194805194805, 351], "38": [65.16233766233765, 383.49999999999994, 184]}}