{"total_time": 56.43, "changed_fixations": 31, "total_fixations": 35, "fixations_data": {"0": [-2, -2, 235], "2": [34.7, 379.6, 166], "4": [117.25454545454545, 382.25324675324674, 216], "6": [150.91688311688313, 382.25324675324674, 171], "8": [205.77402597402596, 381.0064935064935, 229], "10": [230.70909090909095, 383.49999999999994, 210], "12": [268.11168831168834, 382.25324675324674, 185], "14": [322.96883116883123, 383.49999999999994, 210], "16": [382.81298701298704, 379.7597402597402, 241], "18": [380.3194805194805, 387.2402597402597, 225], "20": [465.09870129870126, 384.7467532467532, 180], "22": [500.00779220779225, 383.49999999999994, 195], "24": [578.1, 387.5, 251], "26": [603.4883116883117, 383.49999999999994, 213], "28": [644.6311688311688, 383.49999999999994, 466], "30": [687.0207792207792, 382.25324675324674, 129], "32": [749.3584415584417, 384.7467532467532, 256], "34": [746.864935064935, 377.2662337662337, 326], "36": [776.787012987013, 382.25324675324674, 318], "38": [602.2415584415585, 381.0064935064935, 196], "40": [320.4753246753247, 383.49999999999994, 285], "42": [205.77402597402596, 381.0064935064935, 240], "44": [238.18961038961038, 383.49999999999994, 224], "46": [315.4883116883117, 384.7467532467532, 329], "48": [394.2, 387.9, 145], "50": [159.64415584415588, 385.99350649350646, 270], "54": [305.51428571428573, 381.0064935064935, 315], "56": [378.0, 390.6, 180], "58": [435.1766233766234, 383.49999999999994, 216], "60": [501.25454545454545, 383.49999999999994, 256], "62": [564.8389610389611, 382.25324675324674, 206], "64": [598.5012987012987, 376.0194805194805, 231], "66": [655.851948051948, 384.7467532467532, 484], "68": [751.851948051948, 381.0064935064935, 1109], "70": [738.1376623376624, 379.7597402597402, 117]}}