{"total_time": 29.56, "changed_fixations": 15, "total_fixations": 16, "fixations_data": {"0": [21.525974025974023, 383.49999999999994, 249], "2": [22.6, 385.1, 143], "4": [55.18831168831164, 383.49999999999994, 254], "6": [101.31818181818178, 387.2402597402597, 111], "8": [159.9155844155844, 383.49999999999994, 213], "10": [188.5909090909091, 383.49999999999994, 261], "12": [224.74675324675323, 387.2402597402597, 154], "14": [263.3961038961039, 379.7597402597402, 177], "16": [310.77272727272737, 384.7467532467532, 254], "18": [339.448051948052, 385.99350649350646, 262], "20": [383.08441558441564, 387.2402597402597, 264], "22": [405.52597402597405, 383.49999999999994, 107], "24": [490.3051948051949, 385.99350649350646, 516], "26": [526.461038961039, 381.0064935064935, 750], "28": [535.1883116883117, 388.487012987013, 224], "30": [489.0584415584416, 383.49999999999994, 233]}}