{"total_time": 37.34, "changed_fixations": 16, "total_fixations": 19, "fixations_data": {"0": [25.4, 378.0, 294], "2": [95.4, 380.8, 206], "4": [148.69480519480518, 384.7467532467532, 231], "6": [212.27922077922076, 383.49999999999994, 327], "8": [242.20129870129873, 382.25324675324674, 225], "10": [273.37012987012986, 385.99350649350646, 290], "12": [319.5, 383.49999999999994, 186], "14": [374.3571428571429, 381.0064935064935, 214], "16": [466.6168831168832, 384.7467532467532, 256], "18": [497.78571428571433, 385.99350649350646, 165], "20": [565.1103896103897, 382.25324675324674, 217], "22": [603.7597402597404, 378.51298701298697, 268], "24": [653.6298701298703, 382.25324675324674, 348], "26": [672.331168831169, 384.7467532467532, 160], "28": [713.4740259740261, 378.51298701298697, 291], "30": [775.8116883116885, 384.7467532467532, 204], "32": [826.1, 387.0, 321], "34": [845.6298701298703, 382.25324675324674, 229], "36": [889.266233766234, 381.0064935064935, 311]}}