{"total_time": 23.34, "changed_fixations": 8, "total_fixations": 11, "fixations_data": {"0": [16.53896103896099, 388.487012987013, 223], "2": [50.20129870129867, 384.7467532467532, 159], "4": [76.38311688311686, 387.2402597402597, 209], "6": [136.5, 381.8, 222], "8": [174.87662337662337, 383.49999999999994, 279], "10": [260.9025974025974, 383.49999999999994, 227], "12": [302.0454545454546, 379.7597402597402, 173], "14": [389.31818181818187, 385.99350649350646, 266], "16": [452.4, 384.6, 241], "18": [476.5909090909091, 384.7467532467532, 328], "20": [567.5, 380.1, 606]}}