{"total_time": 21.14, "changed_fixations": 10, "total_fixations": 13, "fixations_data": {"0": [21.525974025974023, 384.7467532467532, 246], "2": [55.18831168831164, 383.49999999999994, 161], "4": [76.4, 388.1, 166], "6": [117.52597402597402, 385.99350649350646, 217], "8": [206.04545454545453, 384.7467532467532, 302], "10": [244.69480519480518, 388.487012987013, 198], "12": [304.53896103896113, 385.99350649350646, 215], "14": [350.66883116883116, 385.99350649350646, 190], "16": [433.1, 388.5, 249], "18": [526.461038961039, 384.7467532467532, 228], "20": [566.5, 385.8, 205], "22": [613.7337662337663, 385.99350649350646, 219], "24": [641.1623376623378, 385.99350649350646, 253]}}