{"total_time": 26.43, "changed_fixations": 10, "total_fixations": 11, "fixations_data": {"0": [17.78571428571425, 383.49999999999994, 304], "2": [45.214285714285694, 382.25324675324674, 211], "4": [106.9, 384.9, 195], "8": [186.09740259740258, 383.49999999999994, 287], "10": [232.22727272727272, 383.49999999999994, 126], "12": [312.01948051948057, 385.99350649350646, 229], "14": [383.08441558441564, 384.7467532467532, 294], "16": [485.31818181818187, 384.7467532467532, 275], "18": [552.6428571428572, 387.2402597402597, 264], "20": [613.7337662337663, 382.25324675324674, 476], "22": [678.5649350649352, 383.49999999999994, 499]}}