{"total_time": 29.28, "changed_fixations": 14, "total_fixations": 18, "fixations_data": {"0": [20.279220779220765, 384.7467532467532, 249], "2": [60.175324675324674, 384.7467532467532, 158], "4": [137.0, 387.0, 301], "6": [209.7857142857143, 388.487012987013, 202], "8": [267.1363636363636, 385.99350649350646, 216], "10": [346.92857142857144, 384.7467532467532, 295], "12": [445.42207792207796, 384.7467532467532, 215], "14": [464.12337662337666, 384.7467532467532, 187], "16": [507.7597402597403, 387.2402597402597, 180], "18": [454.1493506493507, 387.2402597402597, 249], "20": [576.331168831169, 388.487012987013, 247], "22": [608.5, 387.5, 326], "24": [671.6, 387.4, 227], "26": [737.1623376623378, 383.49999999999994, 262], "28": [798.2532467532468, 382.25324675324674, 178], "30": [867.5, 388.5, 397], "32": [921.6818181818184, 382.25324675324674, 402], "34": [272.12337662337666, 382.25324675324674, 165]}}