{"total_time": 26.32, "changed_fixations": 9, "total_fixations": 9, "fixations_data": {"0": [15.292207792207734, 388.487012987013, 206], "2": [45.214285714285694, 388.487012987013, 275], "4": [87.60389610389606, 383.49999999999994, 244], "6": [117.52597402597402, 382.25324675324674, 159], "8": [167.39610389610388, 388.487012987013, 281], "10": [257.1623376623377, 384.7467532467532, 319], "12": [305.78571428571433, 384.7467532467532, 578], "14": [338.2012987012987, 388.487012987013, 338], "16": [404.27922077922085, 385.99350649350646, 211]}}