{"total_time": 19.56, "changed_fixations": 10, "total_fixations": 11, "fixations_data": {"0": [19.032467532467507, 387.2402597402597, 265], "2": [51.448051948051926, 387.2402597402597, 197], "4": [106.30519480519476, 385.99350649350646, 279], "6": [168.64285714285714, 385.99350649350646, 197], "8": [212.27922077922076, 385.99350649350646, 194], "10": [250.92857142857142, 385.99350649350646, 161], "12": [315.7597402597403, 382.25324675324674, 251], "14": [398.0454545454546, 384.7467532467532, 240], "16": [437.9415584415585, 385.99350649350646, 170], "18": [479.08441558441564, 383.49999999999994, 184], "20": [542.3, 388.2, 632]}}