{"total_time": 36.71, "changed_fixations": 11, "total_fixations": 17, "fixations_data": {"0": [21.525974025974023, 382.25324675324674, 251], "2": [68.90259740259737, 384.7467532467532, 220], "4": [96.0, 381.9, 172], "6": [143.7077922077922, 382.25324675324674, 194], "8": [203.55194805194807, 385.99350649350646, 288], "10": [243.44805194805193, 379.7597402597402, 270], "12": [292.7, 386.3, 175], "14": [359.0, 385.5, 237], "16": [411.8, 383.6, 333], "18": [429.1, 383.5, 189], "20": [469.5, 386.8, 280], "22": [520.2272727272727, 379.7597402597402, 127], "24": [552.6428571428572, 381.0064935064935, 223], "26": [601.2662337662339, 382.25324675324674, 240], "28": [664.8506493506494, 376.0194805194805, 244], "30": [723.448051948052, 378.51298701298697, 228], "32": [770.8246753246755, 382.25324675324674, 313]}}