{"total_time": 16.05, "changed_fixations": 6, "total_fixations": 7, "fixations_data": {"0": [27.759740259740255, 383.49999999999994, 260], "2": [76.38311688311686, 377.2662337662337, 192], "4": [173.4, 378.7, 300], "6": [293.31818181818187, 377.2662337662337, 244], "8": [341.9415584415585, 381.0064935064935, 229], "12": [363.13636363636374, 378.51298701298697, 322], "14": [409.26623376623377, 383.49999999999994, 237]}}