{"total_time": 31.51, "changed_fixations": 10, "total_fixations": 11, "fixations_data": {"0": [20.3, 381.9, 236], "2": [57.68181818181816, 382.25324675324674, 221], "4": [108.79870129870127, 382.25324675324674, 186], "6": [162.4090909090909, 384.7467532467532, 222], "8": [207.2922077922078, 382.25324675324674, 205], "10": [255.91558441558445, 382.25324675324674, 226], "12": [307.03246753246754, 381.0064935064935, 264], "14": [373.1103896103897, 384.7467532467532, 296], "16": [414.2532467532468, 382.25324675324674, 178], "18": [484.07142857142867, 387.2402597402597, 273], "20": [527.7077922077923, 383.49999999999994, 239]}}