{"total_time": 14.96, "changed_fixations": 4, "total_fixations": 15, "fixations_data": {"0": [14.045454545454533, 388.487012987013, 227], "2": [45.5, 380.9, 118], "4": [99.1, 381.8, 214], "6": [35.9, 388.4, 187], "8": [133.8, 385.5, 161], "10": [177.1, 384.8, 185], "12": [218.512987012987, 383.49999999999994, 220], "14": [303.9, 385.3, 292], "16": [349.5, 380.2, 130], "18": [433.9, 383.8, 206], "20": [470.3, 383.5, 212], "22": [538.9285714285716, 382.25324675324674, 218], "24": [591.4, 380.9, 185], "26": [612.487012987013, 383.49999999999994, 546], "28": [686.3, 381.7, 389]}}