{"total_time": 26.29, "changed_fixations": 12, "total_fixations": 14, "fixations_data": {"0": [21.2, 382.0, 216], "2": [52.1, 387.0, 188], "4": [82.61688311688309, 387.2402597402597, 261], "6": [96.33116883116881, 383.49999999999994, 178], "8": [171.13636363636365, 384.7467532467532, 198], "10": [235.9675324675325, 385.99350649350646, 211], "12": [278.3571428571429, 384.7467532467532, 243], "14": [320.7467532467533, 385.99350649350646, 267], "16": [386.82467532467535, 389.7337662337662, 230], "18": [410.5129870129871, 389.7337662337662, 228], "20": [456.6428571428572, 385.99350649350646, 308], "22": [504.01948051948057, 382.25324675324674, 183], "24": [527.7077922077923, 387.2402597402597, 282], "26": [555.1363636363637, 383.49999999999994, 336]}}