{"total_time": 33.81, "changed_fixations": 12, "total_fixations": 14, "fixations_data": {"0": [6.8, 382.6, 269], "2": [53.0, 385.1, 189], "4": [118.77272727272728, 385.99350649350646, 183], "6": [203.55194805194807, 387.2402597402597, 233], "8": [234.72077922077924, 384.7467532467532, 267], "10": [295.8116883116884, 390.98051948051943, 209], "12": [374.3571428571429, 389.7337662337662, 322], "14": [461.62987012987014, 388.487012987013, 249], "16": [491.5519480519481, 382.25324675324674, 193], "18": [538.9285714285716, 384.7467532467532, 204], "20": [567.6038961038962, 387.2402597402597, 214], "22": [596.2792207792209, 387.2402597402597, 191], "24": [641.1623376623378, 383.49999999999994, 224], "26": [735.9155844155845, 384.7467532467532, 332]}}