{"total_time": 31.83, "changed_fixations": 11, "total_fixations": 13, "fixations_data": {"0": [21.7, 376.6, 260], "2": [65.4, 384.0, 193], "4": [97.57792207792207, 382.25324675324674, 199], "6": [136.22727272727272, 381.0064935064935, 192], "8": [193.57792207792207, 381.0064935064935, 275], "10": [274.6168831168832, 383.49999999999994, 284], "12": [334.461038961039, 379.7597402597402, 213], "14": [388.07142857142867, 382.25324675324674, 307], "16": [465.37012987013, 381.0064935064935, 232], "18": [550.1493506493507, 385.99350649350646, 269], "20": [600.0194805194806, 383.49999999999994, 180], "22": [616.2272727272729, 387.2402597402597, 216], "24": [673.5779220779222, 381.0064935064935, 772]}}