{"total_time": 22.29, "changed_fixations": 8, "total_fixations": 11, "fixations_data": {"0": [24.01948051948048, 382.25324675324674, 222], "2": [46.0, 376.0, 162], "4": [111.4, 378.4, 204], "6": [157.5, 385.6, 208], "8": [204.79870129870127, 381.0064935064935, 166], "10": [253.42207792207793, 385.99350649350646, 230], "12": [290.82467532467535, 379.7597402597402, 290], "14": [318.2532467532468, 382.25324675324674, 201], "16": [381.83766233766244, 381.0064935064935, 269], "18": [446.6688311688313, 383.49999999999994, 272], "20": [500.27922077922085, 382.25324675324674, 201]}}