{"total_time": 29.14, "changed_fixations": 11, "total_fixations": 14, "fixations_data": {"0": [29.006493506493456, 385.99350649350646, 302], "2": [87.0, 384.3, 182], "4": [110.04545454545453, 385.99350649350646, 186], "6": [182.35714285714286, 384.7467532467532, 242], "8": [228.487012987013, 382.25324675324674, 225], "10": [258.409090909091, 385.99350649350646, 269], "12": [303.2922077922078, 387.2402597402597, 228], "14": [307.03246753246754, 384.7467532467532, 159], "16": [375.6038961038962, 385.99350649350646, 250], "18": [421.73376623376635, 385.99350649350646, 238], "20": [515.2402597402598, 383.49999999999994, 224], "22": [552.6428571428572, 383.49999999999994, 263], "24": [627.0, 386.1, 237], "26": [653.8, 382.7, 176]}}