{"total_time": 62.35, "changed_fixations": 22, "total_fixations": 22, "fixations_data": {"0": [46.46103896103895, 385.99350649350646, 302], "2": [111.29220779220779, 384.7467532467532, 123], "4": [144.95454545454547, 387.2402597402597, 179], "6": [213.52597402597402, 385.99350649350646, 156], "8": [218.512987012987, 387.2402597402597, 253], "10": [224.74675324675323, 381.0064935064935, 162], "12": [221.0064935064935, 389.7337662337662, 210], "15": [303.2922077922078, 383.49999999999994, 246], "17": [365.62987012987014, 385.99350649350646, 173], "19": [427.9675324675326, 383.49999999999994, 208], "21": [480.33116883116895, 384.7467532467532, 389], "23": [479.08441558441564, 385.99350649350646, 167], "25": [540.1753246753248, 385.99350649350646, 413], "27": [632.435064935065, 382.25324675324674, 126], "29": [582.5649350649352, 384.7467532467532, 177], "31": [538.9285714285716, 381.0064935064935, 292], "33": [647.396103896104, 384.7467532467532, 171], "38": [101.31818181818178, 383.49999999999994, 170], "40": [82.61688311688309, 387.2402597402597, 189], "42": [95.08441558441555, 379.7597402597402, 267], "44": [136.22727272727272, 378.51298701298697, 348], "46": [224.74675324675323, 384.7467532467532, 275]}}