{"total_time": 66.39, "changed_fixations": 22, "total_fixations": 23, "fixations_data": {"0": [15.3, 383.6, 238], "2": [57.68181818181816, 383.49999999999994, 129], "4": [118.77272727272728, 382.25324675324674, 153], "7": [197.31818181818184, 384.7467532467532, 224], "9": [268.38311688311694, 384.7467532467532, 537], "11": [341.9415584415585, 385.99350649350646, 323], "13": [446.6688311688313, 381.0064935064935, 218], "15": [465.37012987013, 388.487012987013, 173], "17": [501.52597402597405, 385.99350649350646, 373], "19": [573.8376623376624, 385.99350649350646, 249], "21": [546.409090909091, 381.0064935064935, 170], "23": [651.1363636363637, 387.2402597402597, 272], "25": [729.6818181818182, 387.2402597402597, 193], "27": [806.9805194805195, 387.2402597402597, 258], "29": [914.2012987012989, 382.25324675324674, 303], "32": [545.1623376623378, 385.99350649350646, 308], "35": [346.92857142857144, 385.99350649350646, 104], "37": [207.2922077922078, 384.7467532467532, 257], "39": [193.57792207792207, 384.7467532467532, 447], "41": [260.9025974025974, 387.2402597402597, 295], "43": [202.30519480519482, 388.487012987013, 301], "45": [265.8896103896104, 384.7467532467532, 202], "47": [72.64285714285714, 383.49999999999994, 208]}}