{"total_time": 75.46, "changed_fixations": 21, "total_fixations": 24, "fixations_data": {"0": [19.5, 383.9, 284], "2": [51.448051948051926, 382.25324675324674, 204], "4": [60.38311688311691, 385.7857142857142, 197], "6": [162.20129870129873, 382.66883116883105, 190], "8": [208.95454545454552, 386.82467532467524, 152], "10": [179.8636363636364, 383.7077922077921, 161], "12": [187.1363636363637, 380.590909090909, 229], "14": [246.35714285714292, 384.74675324675314, 134], "17": [-2, -2, 101], "19": [323.24025974025983, 386.82467532467524, 188], "21": [365.83766233766244, 383.7077922077921, 307], "23": [464.53896103896125, 384.74675324675314, 223], "25": [516.4870129870131, 388.90259740259734, 142], "27": [604.7987012987015, 386.82467532467524, 301], "29": [649.4740259740262, 384.74675324675314, 390], "31": [615.188311688312, 382.66883116883105, 188], "33": [667.1363636363639, 386.82467532467524, 174], "35": [720.1233766233769, 388.90259740259734, 227], "37": [771.0324675324678, 382.66883116883105, 113], "39": [848.9545454545457, 386.82467532467524, 186], "43": [103.3, 387.3, 183], "45": [60.38311688311691, 387.86363636363626, 216], "47": [142.9, 385.1, 174], "49": [284.7987012987014, 386.82467532467524, 380]}}