{"total_time": 26.63, "changed_fixations": 12, "total_fixations": 12, "fixations_data": {"2": [48.95454545454541, 383.49999999999994, 355], "4": [129.9935064935065, 383.49999999999994, 218], "8": [212.27922077922076, 385.99350649350646, 294], "10": [265.8896103896104, 383.49999999999994, 141], "12": [310.77272727272737, 379.7597402597402, 271], "14": [369.37012987013, 384.7467532467532, 172], "16": [410.5129870129871, 387.2402597402597, 377], "18": [304.53896103896113, 385.99350649350646, 232], "20": [304.53896103896113, 384.7467532467532, 199], "22": [131.24025974025975, 385.99350649350646, 351], "24": [364.38311688311694, 385.99350649350646, 122], "26": [313.26623376623377, 384.7467532467532, 310]}}