{"total_time": 25.77, "changed_fixations": 11, "total_fixations": 13, "fixations_data": {"0": [16.5, 386.9, 257], "2": [61.3, 391.1, 186], "4": [123.75974025974025, 383.49999999999994, 208], "6": [171.13636363636365, 385.99350649350646, 239], "8": [206.04545454545453, 384.7467532467532, 262], "10": [244.69480519480518, 382.25324675324674, 279], "13": [320.7467532467533, 382.25324675324674, 277], "15": [404.27922077922085, 385.99350649350646, 253], "17": [442.92857142857144, 388.487012987013, 160], "19": [487.8116883116884, 387.2402597402597, 184], "21": [557.6298701298703, 392.2272727272727, 195], "23": [230.98051948051946, 384.7467532467532, 379], "25": [254.6688311688312, 382.25324675324674, 151]}}