{"total_time": 37.77, "changed_fixations": 16, "total_fixations": 18, "fixations_data": {"0": [11.6, 381.2, 251], "2": [34.6, 385.0, 124], "4": [71.39610389610388, 384.7467532467532, 157], "6": [146.20129870129867, 387.2402597402597, 173], "8": [224.74675324675323, 387.2402597402597, 351], "10": [283.3441558441559, 384.7467532467532, 108], "13": [320.7467532467533, 388.487012987013, 109], "15": [375.6038961038962, 388.487012987013, 168], "17": [370.6168831168832, 389.7337662337662, 191], "19": [431.7077922077923, 384.7467532467532, 410], "21": [504.01948051948057, 382.25324675324674, 229], "23": [556.3831168831169, 383.49999999999994, 115], "25": [613.7337662337663, 384.7467532467532, 285], "27": [654.8766233766235, 384.7467532467532, 264], "29": [247.1883116883117, 384.7467532467532, 246], "31": [284.5909090909091, 382.25324675324674, 452], "33": [189.83766233766235, 385.99350649350646, 211], "35": [78.87662337662337, 385.99350649350646, 351]}}