{"total_time": 34.03, "changed_fixations": 12, "total_fixations": 13, "fixations_data": {"0": [10.2, 382.2, 238], "2": [32.74675324675323, 383.49999999999994, 168], "4": [95.08441558441555, 385.99350649350646, 153], "7": [178.6168831168831, 383.49999999999994, 132], "9": [255.91558441558445, 384.7467532467532, 349], "11": [283.3441558441559, 378.51298701298697, 459], "13": [374.3571428571429, 388.487012987013, 365], "15": [406.77272727272737, 385.99350649350646, 152], "17": [386.82467532467535, 378.51298701298697, 220], "19": [461.62987012987014, 388.487012987013, 223], "21": [548.9025974025975, 385.99350649350646, 202], "23": [602.5129870129871, 383.49999999999994, 269], "25": [664.8506493506494, 387.2402597402597, 792]}}