{"total_time": 39.72, "changed_fixations": 23, "total_fixations": 24, "fixations_data": {"0": [22.0, 378.8, 255], "2": [48.95454545454541, 382.25324675324674, 177], "4": [123.75974025974025, 382.25324675324674, 406], "6": [162.4090909090909, 382.25324675324674, 255], "9": [78.87662337662337, 382.25324675324674, 253], "11": [162.4090909090909, 388.487012987013, 170], "13": [126.25324675324671, 383.49999999999994, 149], "15": [47.70779220779215, 385.99350649350646, 164], "17": [50.20129870129867, 385.99350649350646, 162], "19": [126.25324675324671, 382.25324675324674, 366], "21": [191.08441558441555, 385.99350649350646, 186], "23": [233.47402597402598, 384.7467532467532, 163], "25": [283.3441558441559, 381.0064935064935, 172], "27": [277.1103896103897, 387.2402597402597, 212], "29": [321.9935064935065, 387.2402597402597, 134], "31": [401.78571428571433, 385.99350649350646, 246], "33": [462.87662337662346, 383.49999999999994, 259], "35": [530.2012987012988, 383.49999999999994, 271], "37": [462.87662337662346, 383.49999999999994, 175], "39": [470.3571428571429, 384.7467532467532, 150], "44": [184.85064935064932, 384.7467532467532, 139], "46": [164.90259740259737, 387.2402597402597, 163], "48": [19.032467532467507, 382.25324675324674, 217], "50": [78.87662337662337, 385.99350649350646, 165]}}