{"total_time": 44.29, "changed_fixations": 17, "total_fixations": 17, "fixations_data": {"0": [29.006493506493456, 381.0064935064935, 276], "2": [56.4350649350649, 381.0064935064935, 137], "4": [138.72077922077924, 381.0064935064935, 222], "6": [213.52597402597402, 384.7467532467532, 231], "8": [260.9025974025974, 381.0064935064935, 247], "10": [325.73376623376623, 382.25324675324674, 195], "12": [395.5519480519481, 383.49999999999994, 164], "14": [525.2142857142858, 382.25324675324674, 172], "16": [442.92857142857144, 384.7467532467532, 200], "18": [63.91558441558439, 383.49999999999994, 160], "20": [46.46103896103895, 379.7597402597402, 210], "22": [134.98051948051946, 382.25324675324674, 276], "24": [212.27922077922076, 388.487012987013, 276], "26": [277.1103896103897, 379.7597402597402, 324], "28": [330.72077922077926, 381.0064935064935, 162], "30": [391.8116883116884, 383.49999999999994, 218], "32": [386.82467532467535, 388.487012987013, 195]}}