{"total_time": 44.9, "changed_fixations": 16, "total_fixations": 17, "fixations_data": {"0": [22.0, 385.7, 273], "2": [66.4090909090909, 382.25324675324674, 190], "4": [131.24025974025975, 382.25324675324674, 247], "6": [201.05844155844156, 377.2662337662337, 249], "8": [252.17532467532467, 384.7467532467532, 235], "10": [250.92857142857142, 385.99350649350646, 392], "12": [302.0454545454546, 384.7467532467532, 201], "14": [384.33116883116884, 387.2402597402597, 102], "17": [439.1883116883117, 385.99350649350646, 294], "19": [481.57792207792215, 383.49999999999994, 176], "21": [497.78571428571433, 385.99350649350646, 216], "23": [582.5649350649352, 388.487012987013, 231], "25": [611.2402597402598, 388.487012987013, 249], "27": [667.3441558441559, 387.2402597402597, 354], "29": [759.6038961038962, 387.2402597402597, 203], "31": [299.5519480519481, 382.25324675324674, 325], "34": [-2, -2, 271]}}