{"total_time": 22.46, "changed_fixations": 10, "total_fixations": 12, "fixations_data": {"0": [19.032467532467507, 382.25324675324674, 256], "2": [26.512987012986997, 383.49999999999994, 153], "4": [70.14935064935062, 382.25324675324674, 170], "6": [142.46103896103895, 383.49999999999994, 258], "8": [177.3701298701299, 385.99350649350646, 201], "10": [273.37012987012986, 387.2402597402597, 671], "12": [293.31818181818187, 381.0064935064935, 175], "14": [394.3051948051949, 383.49999999999994, 376], "16": [456.6428571428572, 383.49999999999994, 226], "18": [513.9, 384.8, 300], "20": [563.1, 383.1, 230], "22": [383.08441558441564, 382.25324675324674, 265]}}