{"total_time": 60.78, "changed_fixations": 17, "total_fixations": 17, "fixations_data": {"0": [-2, -2, 232], "2": [52.694805194805184, 382.25324675324674, 178], "4": [106.30519480519476, 383.49999999999994, 209], "6": [154.92857142857142, 383.49999999999994, 293], "8": [225.9935064935065, 384.7467532467532, 267], "10": [255.91558441558445, 384.7467532467532, 170], "12": [302.0454545454546, 385.99350649350646, 175], "14": [384.33116883116884, 384.7467532467532, 262], "16": [486.5649350649352, 385.99350649350646, 279], "18": [515.2402597402598, 383.49999999999994, 206], "20": [485.31818181818187, 384.7467532467532, 224], "22": [131.24025974025975, 385.99350649350646, 142], "24": [52.694805194805184, 385.99350649350646, 294], "26": [158.66883116883113, 388.487012987013, 143], "29": [-2, -2, 323], "33": [-2, -2, 251], "35": [-2, -2, 319]}}