{"total_time": 26.88, "changed_fixations": 14, "total_fixations": 14, "fixations_data": {"0": [27.759740259740255, 382.25324675324674, 243], "2": [56.4350649350649, 385.99350649350646, 132], "4": [153.68181818181816, 381.0064935064935, 214], "6": [229.73376623376626, 385.99350649350646, 168], "8": [267.1363636363636, 382.25324675324674, 173], "10": [317.0064935064936, 384.7467532467532, 202], "12": [390.56493506493507, 387.2402597402597, 255], "14": [461.62987012987014, 385.99350649350646, 300], "16": [495.2922077922078, 383.49999999999994, 205], "18": [561.37012987013, 384.7467532467532, 218], "20": [596.2792207792209, 384.7467532467532, 279], "22": [737.1623376623378, 383.49999999999994, 384], "24": [749.6298701298703, 389.7337662337662, 1134], "26": [729.6818181818182, 385.99350649350646, 105]}}