{"total_time": 44.17, "changed_fixations": 14, "total_fixations": 14, "fixations_data": {"2": [42.72077922077918, 382.25324675324674, 260], "4": [112.53896103896105, 384.7467532467532, 115], "6": [154.92857142857142, 388.487012987013, 387], "8": [223.49999999999997, 385.99350649350646, 236], "10": [307.03246753246754, 385.99350649350646, 228], "12": [325.73376623376623, 385.99350649350646, 279], "14": [421.73376623376635, 390.98051948051943, 436], "16": [528.9545454545455, 384.7467532467532, 210], "18": [590.0454545454546, 387.2402597402597, 239], "20": [672.331168831169, 383.49999999999994, 388], "22": [593.7857142857143, 383.49999999999994, 283], "24": [678.5649350649352, 385.99350649350646, 167], "26": [340.6948051948052, 384.7467532467532, 193], "28": [326.98051948051955, 389.7337662337662, 112]}}