{"total_time": 25.06, "changed_fixations": 10, "total_fixations": 11, "fixations_data": {"0": [16.7, 382.5, 287], "2": [66.4090909090909, 385.99350649350646, 173], "4": [153.68181818181816, 387.2402597402597, 481], "6": [247.1883116883117, 383.49999999999994, 300], "8": [295.8116883116884, 383.49999999999994, 202], "10": [400.53896103896113, 387.2402597402597, 314], "12": [339.448051948052, 385.99350649350646, 262], "14": [396.7987012987013, 388.487012987013, 225], "16": [97.57792207792207, 384.7467532467532, 275], "18": [72.64285714285714, 387.2402597402597, 132], "20": [225.9935064935065, 384.7467532467532, 235]}}