{"total_time": 26.78, "changed_fixations": 10, "total_fixations": 15, "fixations_data": {"0": [20.4, 379.2, 265], "2": [63.91558441558439, 387.2402597402597, 142], "4": [147.44805194805193, 381.0064935064935, 229], "6": [197.31818181818184, 383.49999999999994, 217], "8": [232.22727272727272, 383.49999999999994, 203], "10": [318.2532467532468, 383.49999999999994, 478], "12": [374.7, 384.5, 188], "14": [432.9545454545455, 378.51298701298697, 218], "16": [489.7, 381.2, 206], "18": [527.7077922077923, 387.2402597402597, 245], "20": [558.8766233766235, 385.99350649350646, 261], "24": [546.7, 382.4, 278], "26": [623.5, 384.8, 195], "29": [-2, -2, 137], "31": [-2, -2, 261]}}