{"total_time": 18.78, "changed_fixations": 11, "total_fixations": 11, "fixations_data": {"0": [17.78571428571425, 384.7467532467532, 211], "2": [57.68181818181816, 382.25324675324674, 168], "4": [27.759740259740255, 383.49999999999994, 162], "6": [110.04545454545453, 381.0064935064935, 191], "8": [169.8896103896104, 385.99350649350646, 258], "10": [262.1493506493507, 385.99350649350646, 256], "12": [310.77272727272737, 383.49999999999994, 173], "14": [398.0454545454546, 387.2402597402597, 267], "16": [384.33116883116884, 388.487012987013, 131], "18": [466.6168831168832, 385.99350649350646, 196], "20": [537.6818181818182, 384.7467532467532, 703]}}