{"total_time": 22.59, "changed_fixations": 6, "total_fixations": 10, "fixations_data": {"0": [-2, -2, 210], "4": [19.0, 383.1, 166], "6": [100.9, 380.3, 170], "8": [176.9, 381.4, 213], "10": [228.487012987013, 383.49999999999994, 279], "12": [335.7077922077923, 383.49999999999994, 175], "14": [421.8, 384.4, 288], "16": [516.487012987013, 384.7467532467532, 294], "18": [649.8896103896105, 381.0064935064935, 187], "20": [548.9025974025975, 387.2402597402597, 217]}}