{"total_time": 31.67, "changed_fixations": 5, "total_fixations": 9, "fixations_data": {"0": [26.512987012986997, 384.7467532467532, 212], "2": [81.37012987012983, 384.7467532467532, 202], "4": [158.2, 376.9, 176], "6": [201.6, 377.5, 177], "8": [302.7, 375.3, 415], "10": [353.1623376623377, 379.7597402597402, 184], "12": [287.6, 378.5, 191], "14": [348.17532467532476, 381.0064935064935, 234], "16": [405.52597402597405, 384.7467532467532, 206]}}