{"total_time": 42.25, "changed_fixations": 16, "total_fixations": 18, "fixations_data": {"0": [-2, -2, 214], "2": [70.2, 386.9, 168], "4": [41.72873900293253, 384.92907415165473, 187], "6": [121.26623376623374, 383.49999999999994, 170], "8": [208.1770004189359, 384.92907415165473, 170], "10": [262.272685379137, 384.4089233347297, 176], "12": [341.8557603686636, 382.32832006702967, 254], "14": [308.0459572685379, 383.8887725178047, 266], "16": [406.8746124842899, 383.8887725178047, 244], "18": [336.1341013824885, 385.9693757855047, 306], "20": [362.14164222873904, 383.8887725178047, 224], "22": [285.67947214076247, 386.48952660242975, 313], "26": [49.2, 389.5, 223], "28": [125.00649350649351, 383.49999999999994, 210], "30": [194.13292836196064, 384.92907415165473, 242], "32": [257.0711772098869, 383.36862170087966, 195], "34": [305.4452031839129, 386.48952660242975, 458], "36": [364.74239631336405, 384.4089233347297, 428]}}