{"total_time": 28.12, "changed_fixations": 11, "total_fixations": 20, "fixations_data": {"0": [24.01948051948048, 381.0064935064935, 240], "2": [56.4350649350649, 379.7597402597402, 158], "4": [155.9, 379.6, 207], "6": [250.3, 376.6, 446], "8": [324.48701298701303, 383.49999999999994, 218], "10": [420.48701298701303, 383.49999999999994, 161], "12": [352.1, 376.5, 120], "14": [287.8, 379.7, 209], "16": [361.1, 380.8, 200], "18": [466.6168831168832, 381.0064935064935, 184], "20": [561.37012987013, 388.487012987013, 180], "22": [647.2, 383.1, 159], "24": [607.1, 377.7, 273], "26": [668.9, 387.4, 228], "28": [777.0584415584416, 379.7597402597402, 506], "30": [875.6, 385.7, 589], "32": [57.68181818181816, 382.25324675324674, 227], "34": [169.8896103896104, 384.7467532467532, 204], "36": [242.20129870129873, 385.99350649350646, 521], "38": [482.82467532467535, 384.7467532467532, 242]}}