{"total_time": 24.41, "changed_fixations": 13, "total_fixations": 14, "fixations_data": {"0": [14.7, 386.5, 234], "2": [95.08441558441555, 383.49999999999994, 173], "4": [147.44805194805193, 382.25324675324674, 183], "6": [237.2142857142857, 384.7467532467532, 175], "8": [304.53896103896113, 387.2402597402597, 194], "10": [345.68181818181824, 384.7467532467532, 206], "12": [441.68181818181824, 383.49999999999994, 205], "14": [410.5129870129871, 384.7467532467532, 304], "16": [490.3051948051949, 384.7467532467532, 246], "18": [583.8116883116884, 383.49999999999994, 196], "20": [648.6428571428572, 385.99350649350646, 214], "22": [754.6168831168832, 383.49999999999994, 202], "24": [667.3441558441559, 383.49999999999994, 624], "26": [763.3441558441559, 384.7467532467532, 159]}}