{"total_time": 28.55, "changed_fixations": 10, "total_fixations": 13, "fixations_data": {"0": [31.49999999999997, 384.7467532467532, 235], "2": [55.6, 377.4, 178], "4": [116.0, 388.7, 180], "6": [202.30519480519482, 381.0064935064935, 272], "8": [283.3441558441559, 382.25324675324674, 203], "10": [351.9, 387.6, 227], "12": [450.409090909091, 384.7467532467532, 318], "14": [472.8506493506494, 381.0064935064935, 336], "16": [551.396103896104, 382.25324675324674, 183], "18": [614.9805194805195, 382.25324675324674, 193], "20": [728.435064935065, 382.25324675324674, 200], "22": [810.7207792207793, 384.7467532467532, 201], "24": [909.2142857142859, 384.7467532467532, 318]}}