{"total_time": 25.64, "changed_fixations": 11, "total_fixations": 12, "fixations_data": {"0": [-2, -2, 204], "4": [10.8, 383.5, 192], "6": [51.448051948051926, 384.7467532467532, 207], "8": [86.35714285714286, 385.99350649350646, 162], "10": [169.8896103896104, 385.99350649350646, 185], "12": [240.95454545454547, 381.0064935064935, 176], "14": [287.08441558441564, 383.49999999999994, 342], "16": [361.8896103896104, 382.25324675324674, 241], "18": [409.26623376623377, 377.2662337662337, 238], "20": [505.2662337662339, 381.0064935064935, 249], "22": [548.9025974025975, 384.7467532467532, 192], "24": [103.8116883116883, 382.25324675324674, 146]}}