{"total_time": 36.79, "changed_fixations": 19, "total_fixations": 19, "fixations_data": {"0": [17.78571428571425, 381.0064935064935, 240], "2": [71.39610389610388, 392.2272727272727, 169], "4": [129.9935064935065, 382.25324675324674, 177], "6": [199.8116883116883, 382.25324675324674, 173], "8": [260.9025974025974, 383.49999999999994, 185], "10": [374.3571428571429, 388.487012987013, 277], "12": [267.1363636363636, 383.49999999999994, 198], "14": [204.79870129870127, 381.0064935064935, 182], "16": [298.3051948051949, 389.7337662337662, 230], "18": [359.3961038961039, 384.7467532467532, 235], "22": [62.66883116883113, 387.2402597402597, 214], "24": [136.22727272727272, 388.487012987013, 229], "26": [290.82467532467535, 381.0064935064935, 270], "28": [390.56493506493507, 388.487012987013, 179], "30": [457.8896103896104, 382.25324675324674, 184], "32": [557.6298701298703, 383.49999999999994, 480], "34": [623.7077922077923, 387.2402597402597, 168], "36": [491.5519480519481, 383.49999999999994, 203], "38": [459.13636363636374, 389.7337662337662, 168]}}