{"total_time": 27.86, "changed_fixations": 9, "total_fixations": 11, "fixations_data": {"0": [19.032467532467507, 387.2402597402597, 223], "2": [63.1, 381.8, 154], "4": [142.46103896103895, 385.99350649350646, 194], "6": [203.55194805194807, 384.7467532467532, 173], "8": [304.53896103896113, 387.2402597402597, 184], "10": [368.2, 387.1, 310], "12": [465.37012987013, 383.49999999999994, 212], "14": [540.1753246753248, 383.49999999999994, 249], "16": [600.0194805194806, 383.49999999999994, 184], "18": [659.8636363636365, 383.49999999999994, 193], "20": [749.6298701298703, 382.25324675324674, 247]}}