{"total_time": 25.73, "changed_fixations": 9, "total_fixations": 10, "fixations_data": {"0": [24.01948051948048, 384.7467532467532, 258], "2": [106.1, 387.4, 183], "4": [158.66883116883113, 383.49999999999994, 230], "6": [224.74675324675323, 384.7467532467532, 189], "8": [259.6558441558442, 381.0064935064935, 181], "10": [391.8116883116884, 383.49999999999994, 305], "12": [419.24025974025983, 385.99350649350646, 185], "14": [487.8116883116884, 385.99350649350646, 305], "16": [528.9545454545455, 379.7597402597402, 186], "18": [201.05844155844156, 385.99350649350646, 121]}}