{"total_time": 24.93, "changed_fixations": 13, "total_fixations": 13, "fixations_data": {"0": [21.525974025974023, 382.25324675324674, 232], "2": [37.733766233766204, 384.7467532467532, 178], "4": [98.82467532467533, 385.99350649350646, 173], "6": [161.16233766233765, 381.0064935064935, 423], "8": [214.77272727272728, 378.51298701298697, 226], "10": [319.5, 385.99350649350646, 227], "12": [340.6948051948052, 387.2402597402597, 171], "14": [426.72077922077926, 385.99350649350646, 236], "16": [461.62987012987014, 388.487012987013, 162], "18": [543.9155844155845, 383.49999999999994, 201], "20": [671.0844155844156, 385.99350649350646, 198], "22": [598.7727272727274, 384.7467532467532, 260], "24": [528.9545454545455, 379.7597402597402, 125]}}