{"total_time": 35.37, "changed_fixations": 11, "total_fixations": 11, "fixations_data": {"0": [50.20129870129867, 385.99350649350646, 241], "2": [26.512987012986997, 384.7467532467532, 166], "4": [90.09740259740258, 383.49999999999994, 171], "6": [143.7077922077922, 384.7467532467532, 159], "8": [216.01948051948054, 384.7467532467532, 218], "10": [290.82467532467535, 388.487012987013, 191], "12": [351.9155844155845, 385.99350649350646, 320], "14": [374.3571428571429, 383.49999999999994, 411], "16": [487.8116883116884, 388.487012987013, 340], "18": [441.68181818181824, 385.99350649350646, 494], "20": [-2, -2, 100]}}