{"total_time": 30.05, "changed_fixations": 14, "total_fixations": 17, "fixations_data": {"0": [17.78571428571425, 381.0064935064935, 218], "2": [52.694805194805184, 383.49999999999994, 185], "4": [111.29220779220779, 385.99350649350646, 179], "6": [142.46103896103895, 385.99350649350646, 125], "8": [239.9, 380.0, 217], "10": [213.9, 382.8, 183], "12": [319.5, 382.25324675324674, 278], "14": [395.5519480519481, 384.7467532467532, 179], "16": [438.1, 388.5, 547], "18": [562.6168831168832, 385.99350649350646, 326], "20": [674.8246753246755, 384.7467532467532, 374], "22": [52.694805194805184, 385.99350649350646, 210], "24": [188.5909090909091, 382.25324675324674, 218], "26": [272.12337662337666, 387.2402597402597, 180], "28": [348.17532467532476, 387.2402597402597, 212], "30": [452.9025974025975, 385.99350649350646, 198], "32": [622.4610389610391, 387.2402597402597, 118]}}