{"total_time": 33.93, "changed_fixations": 11, "total_fixations": 16, "fixations_data": {"0": [-2, -2, 178], "4": [19.3, 383.7, 186], "6": [121.26623376623374, 383.49999999999994, 181], "8": [186.09740259740258, 383.49999999999994, 218], "10": [253.42207792207793, 385.99350649350646, 200], "12": [230.98051948051946, 382.25324675324674, 283], "14": [140.6, 383.9, 274], "16": [239.5, 375.5, 169], "18": [320.7467532467533, 382.25324675324674, 304], "20": [434.2012987012988, 385.99350649350646, 402], "24": [329.47402597402606, 383.49999999999994, 179], "26": [391.8116883116884, 381.0064935064935, 201], "28": [531.8, 380.6, 202], "30": [493.2, 383.1, 218], "32": [590.0454545454546, 382.25324675324674, 182], "34": [677.3181818181819, 382.25324675324674, 185]}}