{"total_time": 61.42, "changed_fixations": 28, "total_fixations": 32, "fixations_data": {"0": [17.514914118139913, 385.80582320904904, 272], "2": [63.77884373690824, 385.80582320904904, 188], "4": [90.6, 380.6, 174], "6": [146.3, 380.5, 180], "8": [173.49044826141602, 384.4839966485128, 228], "10": [242.22542940930038, 385.1449099287809, 261], "12": [301.04671135316295, 385.80582320904904, 245], "14": [330.12689568496023, 383.8230833682447, 248], "16": [393.57457059069964, 384.4839966485128, 276], "18": [443.7, 382.1, 427], "20": [503.94708839547553, 385.80582320904904, 674], "22": [572.0211562630918, 384.4839966485128, 155], "24": [553.5155844155845, 386.46673648931716, 828], "26": [468.8, 384.8, 529], "28": [535.6709258483452, 383.8230833682447, 577], "30": [406.792836196062, 385.80582320904904, 537], "32": [61.79610389610389, 383.16217008797656, 390], "34": [117.97373271889401, 387.1276497695853, 480], "36": [172.16862170087978, 383.16217008797656, 294], "38": [240.90360284876414, 387.1276497695853, 447], "40": [312.28223711772097, 383.16217008797656, 174], "42": [240.90360284876414, 380.5185169669041, 295], "44": [361.85073313782993, 383.16217008797656, 201], "46": [431.24662756598246, 382.50125680770844, 316], "48": [478.832383745287, 385.1449099287809, 498], "50": [564.7511101801424, 389.11038961038963, 153], "52": [533.0272727272727, 387.1276497695853, 434], "54": [493.37247591118563, 384.4839966485128, 181], "56": [543.6018852115626, 385.1449099287809, 414], "58": [478.832383745287, 381.1794302471722, 614], "60": [364.4943862589024, 385.80582320904904, 224], "62": [247.51273565144533, 385.1449099287809, 357]}}